"Thread / Function / Call Stack","Idle","Poor","Ok","Ideal","Over","Spin Time","Overhead Time","Task Time","Task Count","Module","Function (Full)","Source File","Start Address","PID","TID"
"OpenCVThread-000 (TID: 26278)","0.359385","16.6369","0","0","0","0.0737427","0","11.0407","663278","[Unknown]","[Unknown]","[Unknown]","0","26278","26278"
" std::istream::operator>>","0","2.69185","0","0","0","0","0","","","libstdc++.so.6","int& std::istream::operator>>()","[Unknown]","0xfc2d0","26278","26278"
" cv::AGAST_7_12d","0.0580575","1.55181","0","0","0","0","0","","","libopencv_features2d.so.3.4","cv::AGAST_7_12d(cv::_InputArray const&, std::vector<cv::KeyPoint, std::allocator<cv::KeyPoint>>&, int)","agast.cpp","0x53f40","26278","26278"
" std::operator>><char, std::char_traits<char>, std::allocator<char>>","0","1.53619","0","0","0","0","0","","","libstdc++.so.6","std::basic_istream<char, std::char_traits<char>>& std::operator>><char, std::char_traits<char>, std::allocator<char>>(std::basic_istream<char, std::char_traits<char>>&, std::__cxx11::basic_string<char, std::char_traits<char>, std::allocator<char>>&)","[Unknown]","0xa9520","26278","26278"
" std::basic_ios<char, std::char_traits<char>>::init","0","1.16602","0","0","0","0","0","","","libstdc++.so.6","std::basic_ios<char, std::char_traits<char>>::init(std::basic_streambuf<char, std::char_traits<char>>*)","[Unknown]","0xf9a00","26278","26278"
" std::use_facet<std::ctype<char>>","0","1.00798","0","0","0","0","0","","","libstdc++.so.6","std::ctype<char> const& std::use_facet<std::ctype<char>>(std::locale const&)","[Unknown]","0x104b30","26278","26278"
" std::operator<<<std::char_traits<char>>","0","0.953982","0","0","0","0","0","","","libstdc++.so.6","std::basic_ostream<char, std::char_traits<char>>& std::operator<<<std::char_traits<char>>(std::basic_ostream<char, std::char_traits<char>>&, char const*)","[Unknown]","0x114380","26278","26278"
" std::vector<cv::Mat, std::allocator<cv::Mat>>::_M_fill_insert","0","0.901268","0","0","0","0","0","","","libopencv_core.so.3.4","std::vector<cv::Mat, std::allocator<cv::Mat>>::_M_fill_insert(__gnu_cxx::__normal_iterator<cv::Mat*, std::vector<cv::Mat, std::allocator<cv::Mat>>>, unsigned long, cv::Mat const&)","vector.tcc","0x1803e0","26278","26278"
" cv::_OutputArray::assign","0.012004","0.630238","0","0","0","0","0","","","libopencv_core.so.3.4","cv::_OutputArray::assign(cv::Mat const&) const","matrix_wrap.cpp","0x17f4c0","26278","26278"
" cv::ExifReader::parseExif","0.169262","0.456246","0","0","0","0","0","","","libopencv_imgcodecs.so.3.4","cv::ExifReader::parseExif(void)","exif.cpp","0x70ec0","26278","26278"
" std::__ostream_insert<char, std::char_traits<char>>","0","0.581968","0","0","0","0","0","","","libstdc++.so.6","std::basic_ostream<char, std::char_traits<char>>& std::__ostream_insert<char, std::char_traits<char>>(std::basic_ostream<char, std::char_traits<char>>&, char const*, long)","[Unknown]","0x113ee0","26278","26278"
" std::istream::_M_extract<double>","0","0.37602","0","0","0","0","0","","","libstdc++.so.6","std::istream& std::istream::_M_extract<double>(double&)","[Unknown]","0xfe5d0","26278","26278"
" _INTERNALf94ba1f1::ORB_SLAM2::computeOrbDescriptor","0","0.309417","0","0","0","0","0","","","libORB_SLAM2.so","_INTERNALf94ba1f1::ORB_SLAM2::computeOrbDescriptor(cv::KeyPoint const&, cv::Mat const&, cv::Point_<int> const*, unsigned char*)","ORBextractor.cc","0x91d60","26278","26278"
" std::__cxx11::basic_stringbuf<char, std::char_traits<char>, std::allocator<char>>::overflow","0","0.276081","0","0","0","0","0","","","libstdc++.so.6","std::__cxx11::basic_stringbuf<char, std::char_traits<char>, std::allocator<char>>::overflow(int)","[Unknown]","0x119150","26278","26278"
" icv_l9_ippiCopyWrapBorder_32s_C1R_L","0","0.212028","0","0","0","0","0","","","libopencv_core.so.3.4","icv_l9_ippiCopyWrapBorder_32s_C1R_L","[Unknown]","0x391760","26278","26278"
" cv::hal::opt_AVX::fastAtan32f","0","0.20204","0","0","0","0","0","","","libopencv_core.so.3.4","cv::hal::opt_AVX::fastAtan32f(float const*, float const*, float*, int, bool)","mathfuncs_core.simd.hpp","0x2f7c60","26278","26278"
" func@0x17e8c2","0.01","0.189989","0","0","0","0","0","","","libopencv_core.so.3.4","func@0x17e8c2","[Unknown]","0x17e8c2","26278","26278"
" __GI_","0","0.197935","0","0","0","0","0","","","libc.so.6","float __GI_(long, int, bool, char)","malloc.c","0x844f0","26278","26278"
" operator new","0","0.191945","0","0","0","0","0","","","libstdc++.so.6","operator new(unsigned long)","[Unknown]","0x90480","26278","26278"
" DBoW2::TemplatedVocabulary<cv::Mat, DBoW2::FORB>::loadFromTextFile","0.0140205","0.164043","0","0","0","0","0","","","libORB_SLAM2.so","DBoW2::TemplatedVocabulary<cv::Mat, DBoW2::FORB>::loadFromTextFile(std::__cxx11::basic_string<char, std::char_traits<char>, std::allocator<char>> const&)","TemplatedVocabulary.h","0x61d80","26278","26278"
" std::use_facet<std::num_put<char, std::ostreambuf_iterator<char, std::char_traits<char>>>>","0","0.164012","0","0","0","0","0","","","libstdc++.so.6","std::num_put<char, std::ostreambuf_iterator<char, std::char_traits<char>>> const& std::use_facet<std::num_put<char, std::ostreambuf_iterator<char, std::char_traits<char>>>>(std::locale const&)","[Unknown]","0x105940","26278","26278"
" ORB_SLAM2::ORBextractor::ComputeKeyPointsOctTree","0","0.158","0","0","0","0","0","","","libORB_SLAM2.so","ORB_SLAM2::ORBextractor::ComputeKeyPointsOctTree(std::vector<std::vector<cv::KeyPoint, std::allocator<cv::KeyPoint>>, std::allocator<std::vector<cv::KeyPoint, std::allocator<cv::KeyPoint>>>>&)","ORBextractor.cc","0x929a0","26278","26278"
" std::getline<char, std::char_traits<char>, std::allocator<char>>","0","0.148014","0","0","0","0","0","","","libstdc++.so.6","std::basic_istream<char, std::char_traits<char>>& std::getline<char, std::char_traits<char>, std::allocator<char>>(std::basic_istream<char, std::char_traits<char>>&, std::__cxx11::basic_string<char, std::char_traits<char>, std::allocator<char>>&, char)","[Unknown]","0xa9940","26278","26278"
" cv::goodFeaturesToTrack","0.0120087","0.126145","0","0","0","0","0","","","libopencv_imgproc.so.3.4","cv::goodFeaturesToTrack(cv::_InputArray const&, cv::_OutputArray const&, int, double, double, cv::_InputArray const&, int, int, bool, double)","featureselect.cpp","0x27e410","26278","26278"
" DBoW2::FORB::fromString","0","0.133984","0","0","0","0","0","","","libDBoW2.so","DBoW2::FORB::fromString(cv::Mat&, std::__cxx11::basic_string<char, std::char_traits<char>, std::allocator<char>> const&)","[Unknown]","0x71c0","26278","26278"
" build","0","0.123954","0","0","0","0","0","","","libopencv_xfeatures2d.so.3.4","build","harris_lapace_detector.cpp","0x4baf0","26278","26278"
" std::locale::locale","0","0.119946","0","0","0","0","0","","","libstdc++.so.6","std::locale::locale(void)","[Unknown]","0xa3890","26278","26278"
" __GI___clock_gettime","0","0.101839","0","0","0","0","0","","","libc.so.6","__GI___clock_gettime","clock_gettime.c","0x115850","26278","26278"
" cv::hal::sub8u","0","0.0979552","0","0","0","0","0","","","libopencv_core.so.3.4","cv::hal::sub8u(unsigned char const*, unsigned long, unsigned char const*, unsigned long, unsigned char*, unsigned long, int, int, void*)","arithm.cpp","0x1b2d20","26278","26278"
" cv::transform_8u","0.0100031","0.0840237","0","0","0","0","0","","","libopencv_core.so.3.4","cv::transform_8u(unsigned char const*, unsigned char*, float const*, int, int, int)","matmul.cpp","0x1d48c0","26278","26278"
" std::vector<cv::KeyPoint, std::allocator<cv::KeyPoint>>::vector","0","0.0800506","0","0","0","0","0","","","libORB_SLAM2.so","std::vector<cv::KeyPoint, std::allocator<cv::KeyPoint>>::vector(std::vector<cv::KeyPoint, std::allocator<cv::KeyPoint>> const&)","stl_vector.h","0x66b20","26278","26278"
" std::num_get<char, std::istreambuf_iterator<char, std::char_traits<char>>>::_M_extract_float","0.01","0.0599748","0","0","0","0","0","","","libstdc++.so.6","std::num_get<char, std::istreambuf_iterator<char, std::char_traits<char>>>::_M_extract_float(std::istreambuf_iterator<char, std::char_traits<char>>, std::istreambuf_iterator<char, std::char_traits<char>>, std::ios_base&, std::_Ios_Iostate&, std::string&) const","[Unknown]","0x10bc80","26278","26278"
" std::vector<unsigned long, std::allocator<unsigned long>>::vector","0","0.0639908","0","0","0","0","0","","","libORB_SLAM2.so","std::vector<unsigned long, std::allocator<unsigned long>>::vector(std::vector<unsigned long, std::allocator<unsigned long>> const&)","stl_vector.h","0xc1f00","26278","26278"
" std::vector<DBoW2::TemplatedVocabulary<cv::Mat, DBoW2::FORB>::Node, std::allocator<DBoW2::TemplatedVocabulary<cv::Mat, DBoW2::FORB>::Node>>::_M_default_append","0","0.0600043","0","0","0","0","0","","","libORB_SLAM2.so","std::vector<DBoW2::TemplatedVocabulary<cv::Mat, DBoW2::FORB>::Node, std::allocator<DBoW2::TemplatedVocabulary<cv::Mat, DBoW2::FORB>::Node>>::_M_default_append(unsigned long)","vector.tcc","0x68860","26278","26278"
" cvReleaseFileStorage","0","0.0599469","0","0","0","0","0","","","libopencv_core.so.3.4","cvReleaseFileStorage","persistence_c.cpp","0x1b8ca0","26278","26278"
" std::vector<unsigned char, std::allocator<unsigned char>>::_M_fill_insert","0","0.0539948","0","0","0","0","0","","","libopencv_core.so.3.4","std::vector<unsigned char, std::allocator<unsigned char>>::_M_fill_insert(__gnu_cxx::__normal_iterator<unsigned char*, std::vector<unsigned char, std::allocator<unsigned char>>>, unsigned long, unsigned char const&)","vector.tcc","0x184720","26278","26278"
" DBoW2::FORB::distance","0","0.0500287","0","0","0","0","0","","","libDBoW2.so","DBoW2::FORB::distance(cv::Mat const&, cv::Mat const&)","[Unknown]","0x6590","26278","26278"
" cvGetMat","0","0.049963","0","0","0","0","0","","","libopencv_core.so.3.4","cvGetMat","array.cpp","0x2c22c0","26278","26278"
" std::locale::~locale","0","0.0480053","0","0","0","0","0","","","libstdc++.so.6","std::locale::~locale(void)","[Unknown]","0xa1d50","26278","26278"
" __posix_memalign","0","0.0401977","0","0","0","0","0","","","libc.so.6","__posix_memalign","malloc.c","0x87600","26278","26278"
" cv::Bayer2RGB_Invoker<unsigned char, cv::SIMDBayerInterpolator_8u>::operator()","0","0.0359716","0","0","0","0","0","","","libopencv_imgproc.so.3.4","cv::Bayer2RGB_Invoker<unsigned char, cv::SIMDBayerInterpolator_8u>::operator()(cv::Range const&) const","demosaicing.cpp","0x2e5030","26278","26278"
" std::vector<unsigned long, std::allocator<unsigned long>>::operator=","0","0.0339948","0","0","0","0","0","","","libORB_SLAM2.so","std::vector<unsigned long, std::allocator<unsigned long>>::operator=(std::vector<unsigned long, std::allocator<unsigned long>> const&)","vector.tcc","0x7ad00","26278","26278"
" _ZNSt6vectorIN2cv8KeyPointESaIS1_EE19_M_emplace_back_auxIJRKS1_EEEvDpOT_","0","0.03398","0","0","0","0","0","","","libORB_SLAM2.so","_ZNSt6vectorIN2cv8KeyPointESaIS1_EE19_M_emplace_back_auxIJRKS1_EEEvDpOT_","vector.tcc","0x98450","26278","26278"
" icv_y8_ippiSet_32s_C3R","0","0.0320045","0","0","0","0.0737427","0","","","libopencv_core.so.3.4","icv_y8_ippiSet_32s_C3R","[Unknown]","0x344000","26278","26278"
" ORB_SLAM2::Frame::GetFeaturesInArea","0","0.0320027","0","0","0","0","0","","","libORB_SLAM2.so","ORB_SLAM2::Frame::GetFeaturesInArea(float const&, float const&, float const&, int, int) const","Frame.cc","0x134e70","26278","26278"
" cv::operator-","0","0.0320021","0","0","0","0","0","","","libopencv_core.so.3.4","cv::operator-(cv::Scalar_<double> const&, cv::Mat const&)","matrix_expressions.cpp","0x25a040","26278","26278"
" std::operator<<<char, std::char_traits<char>, std::allocator<char>>","0","0.031985","0","0","0","0","0","","","libstdc++.so.6","std::basic_ostream<char, std::char_traits<char>>& std::operator<<<char, std::char_traits<char>, std::allocator<char>>(std::basic_ostream<char, std::char_traits<char>>&, std::__cxx11::basic_string<char, std::char_traits<char>, std::allocator<char>> const&)","[Unknown]","0x127c40","26278","26278"
" ORB_SLAM2::ExtractorNode::DivideNode","0","0.0319437","0","0","0","0","0","","","libORB_SLAM2.so","ORB_SLAM2::ExtractorNode::DivideNode(ORB_SLAM2::ExtractorNode&, ORB_SLAM2::ExtractorNode&, ORB_SLAM2::ExtractorNode&, ORB_SLAM2::ExtractorNode&)","ORBextractor.cc","0x95070","26278","26278"
" ORB_SLAM2::Tracking::UpdateLocalPoints","0","0.0299897","0","0","0","0","0","","","libORB_SLAM2.so","ORB_SLAM2::Tracking::UpdateLocalPoints(void)","Tracking.cc","0x70d00","26278","26278"
" icv_l9_owniCopy_8u_C4MR_short","0","0.0280123","0","0","0","0","0","","","libopencv_core.so.3.4","icv_l9_owniCopy_8u_C4MR_short","[Unknown]","0x390c40","26278","26278"
" icv_l9_ippiTranspose_8u_C1R","0","0.0280101","0","0","0","0","0","","","libopencv_core.so.3.4","icv_l9_ippiTranspose_8u_C1R","[Unknown]","0x393e80","26278","26278"
" std::ios_base::ios_base","0","0.0279855","0","0","0","0","0","","","libstdc++.so.6","std::ios_base::ios_base(void)","[Unknown]","0xbac00","26278","26278"
" icv_y8_ownpi_CmpLE_16s_C1R","0.012018","0.0119983","0","0","0","0","0","","","libopencv_core.so.3.4","icv_y8_ownpi_CmpLE_16s_C1R","[Unknown]","0x343bc0","26278","26278"
" cv::Mat::operator=","0","0.024003","0","0","0","0","0","","","libORB_SLAM2.so","cv::Mat::operator=(cv::Mat const&)","mat.inl.hpp","0x5df60","26278","26278"
" cv::extractImageCOI","0","0.0239459","0","0","0","0","0","","","libopencv_core.so.3.4","cv::extractImageCOI(void const*, cv::_OutputArray const&, int)","matrix_c.cpp","0x2e3540","26278","26278"
" LLOOP_Agas_9","0","0.0219876","0","0","0","0","0","","","libopencv_xphoto.so.3.4","LLOOP_Agas_9","[Unknown]","0x18b0c7","26278","26278"
" cv::_InputArray::getMatVector","0.0100024","0.0100055","0","0","0","0","0","","","libopencv_core.so.3.4","cv::_InputArray::getMatVector(std::vector<cv::Mat, std::allocator<cv::Mat>>&) const","matrix_wrap.cpp","0x1813e0","26278","26278"
" func@0x8ac50","0","0.0200045","0","0","0","0","0","","","libstdc++.so.6","func@0x8ac50","[Unknown]","0x8ac50","26278","26278"
" g2o::EdgeSE3ProjectXYZOnlyPose::cam_project","0","0.02","0","0","0","0","0","","","libg2o.so","g2o::EdgeSE3ProjectXYZOnlyPose::cam_project(Eigen::Matrix<double, (int)3, (int)1, (int)0, (int)3, (int)1> const&) const","[Unknown]","0x2d2b0","26278","26278"
" __cxxabiv1::__vmi_class_type_info::__do_dyncast","0","0.0199928","0","0","0","0","0","","","libstdc++.so.6","__cxxabiv1::__vmi_class_type_info::__do_dyncast(long, __cxxabiv1::__class_type_info::__sub_kind, __cxxabiv1::__class_type_info const*, void const*, __cxxabiv1::__class_type_info const*, void const*, __cxxabiv1::__class_type_info::__dyncast_result&) const","[Unknown]","0x91630","26278","26278"
" func@0xbf6bc","0","0.0199842","0","0","0","0","0","","","libopencv_features2d.so.3.4","func@0xbf6bc","[Unknown]","0xbf6bc","26278","26278"
" ORB_SLAM2::ORBmatcher::SearchByProjection","0","0.0199559","0","0","0","0","0","","","libORB_SLAM2.so","ORB_SLAM2::ORBmatcher::SearchByProjection(ORB_SLAM2::Frame&, ORB_SLAM2::Frame const&, float, bool)","ORBmatcher.cc","0x9afe0","26278","26278"
" cv::rgbd::RgbdFrame::~RgbdFrame","0","0.0180024","0","0","0","0","0","","","libopencv_rgbd.so.3.4","cv::rgbd::RgbdFrame::~RgbdFrame(void)","odometry.cpp","0xed40","26278","26278"
" clock_gettime","0","0.0161104","0","0","0","0","0","","","[vdso]","clock_gettime","[Unknown]","0xa30","26278","26278"
" __intel_ssse3_rep_memmove","0","0.016043","0","0","0","0","0","","","mono_kitti","__intel_ssse3_rep_memmove","[Unknown]","0x422b60","26278","26278"
" g2o::SparseOptimizer::initializeOptimization","0","0.0160326","0","0","0","0","0","","","libg2o.so","g2o::SparseOptimizer::initializeOptimization(std::set<g2o::HyperGraph::Vertex*, std::less<g2o::HyperGraph::Vertex*>, std::allocator<g2o::HyperGraph::Vertex*>>&, int)","[Unknown]","0x69bc0","26278","26278"
" std::ios_base::~ios_base","0","0.0159957","0","0","0","0","0","","","libstdc++.so.6","std::ios_base::~ios_base(void)","[Unknown]","0xbaf90","26278","26278"
" std::_Rb_tree<g2o::OptimizableGraph::Edge*, g2o::OptimizableGraph::Edge*, std::_Identity<g2o::OptimizableGraph::Edge*>, std::less<g2o::OptimizableGraph::Edge*>, std::allocator<g2o::OptimizableGraph::Edge*>>::_M_erase","0","0.0159933","0","0","0","0","0","","","libg2o.so","std::_Rb_tree<g2o::OptimizableGraph::Edge*, g2o::OptimizableGraph::Edge*, std::_Identity<g2o::OptimizableGraph::Edge*>, std::less<g2o::OptimizableGraph::Edge*>, std::allocator<g2o::OptimizableGraph::Edge*>>::_M_erase(std::_Rb_tree_node<g2o::OptimizableGraph::Edge*>*)","[Unknown]","0x6a900","26278","26278"
" cv::cvarrToMat","0","0.015963","0","0","0","0","0","","","libopencv_core.so.3.4","cv::cvarrToMat(void const*, bool, bool, int, cv::AutoBuffer<double, (unsigned long)136>*)","matrix_c.cpp","0x2e1d00","26278","26278"
" cv::DFT<double>","0","0.0120378","0","0","0","0","0","","","libopencv_core.so.3.4","void cv::DFT<double>(cv::OcvDftOptions const&, cv::Complex<double> const*, cv::Complex<double>*)","dxt.cpp","0x2cb0d0","26278","26278"
" icv_k0_ownNorm_L2_32f_C3CMR_AVX512","0","0.0120256","0","0","0","0","0","","","libopencv_core.so.3.4","icv_k0_ownNorm_L2_32f_C3CMR_AVX512","[Unknown]","0x389800","26278","26278"
" cv::Mat::~Mat","0","0.0120229","0","0","0","0","0","","","mono_kitti","cv::Mat::~Mat(void)","mat.inl.hpp","0x409630","26278","26278"
" cv::_OutputArray::getGpuMatRef","0.0120097","0","0","0","0","0","0","","","libopencv_core.so.3.4","cv::_OutputArray::getGpuMatRef(void) const","matrix_wrap.cpp","0x17e900","26278","26278"
" cv::mixChannels","0","0.0120041","0","0","0","0","0","","","libopencv_core.so.3.4","cv::mixChannels(cv::_InputArray const&, cv::_InputOutputArray const&, int const*, unsigned long)","channels.cpp","0x1c4fc0","26278","26278"
" cvPointSeqFromMat","0","0.0120024","0","0","0","0","0","","","libopencv_imgproc.so.3.4","cvPointSeqFromMat","utils.cpp","0x313e90","26278","26278"
" cv::vBinOp<short, cv::OpSub<short, short, short>, cv::VSub<short>>","0","0.0120004","0","0","0","0","0","","","libopencv_core.so.3.4","void cv::vBinOp<short, cv::OpSub<short, short, short>, cv::VSub<short>>(short const*, unsigned long, short const*, unsigned long, short*, unsigned long, int, int)","arithm_core.hpp","0x1b34b0","26278","26278"
" std::__cxx11::basic_string<char, std::char_traits<char>, std::allocator<char>>::_M_create","0","0.0120004","0","0","0","0","0","","","libstdc++.so.6","std::__cxx11::basic_string<char, std::char_traits<char>, std::allocator<char>>::_M_create(unsigned long&, unsigned long)","[Unknown]","0x124dd0","26278","26278"
" Eigen::MatrixBase<Eigen::SelfCwiseBinaryOp<Eigen::internal::scalar_quotient_op<double, double>, Eigen::Block<Eigen::Matrix<double, (int)-1, (int)-1, (int)0, (int)-1, (int)-1>, (int)-1, (int)1, (bool)0>, Eigen::CwiseNullaryOp<Eigen::internal::scalar_constant_op<double>, Eigen::Matrix<double, (int)-1, (int)1, (int)0, (int)-1, (int)1>>>>::operator=<Eigen::CwiseNullaryOp<Eigen::internal::scalar_constant_op<double>, Eigen::Matrix<double, (int)-1, (int)1, (int)0, (int)-1, (int)1>>>","0","0.0119997","0","0","0","0","0","","","libORB_SLAM2.so","Eigen::SelfCwiseBinaryOp<Eigen::internal::scalar_quotient_op<double, double>, Eigen::Block<Eigen::Matrix<double, (int)-1, (int)-1, (int)0, (int)-1, (int)-1>, (int)-1, (int)1, (bool)0>, Eigen::CwiseNullaryOp<Eigen::internal::scalar_constant_op<double>, Eigen::Matrix<double, (int)-1, (int)1, (int)0, (int)-1, (int)1>>>& Eigen::MatrixBase<Eigen::SelfCwiseBinaryOp<Eigen::internal::scalar_quotient_op<double, double>, Eigen::Block<Eigen::Matrix<double, (int)-1, (int)-1, (int)0, (int)-1, (int)-1>, (int)-1, (int)1, (bool)0>, Eigen::CwiseNullaryOp<Eigen::internal::scalar_constant_op<double>, Eigen::Matrix<double, (int)-1, (int)1, (int)0, (int)-1, (int)1>>>>::operator=<Eigen::CwiseNullaryOp<Eigen::internal::scalar_constant_op<double>, Eigen::Matrix<double, (int)-1, (int)1, (int)0, (int)-1, (int)1>>>(Eigen::DenseBase<Eigen::CwiseNullaryOp<Eigen::internal::scalar_constant_op<double>, Eigen::Matrix<double, (int)-1, (int)1, (int)0, (int)-1, (int)1>>> const&)","Assign.h","0xf1110","26278","26278"
" std::__introsort_loop<__gnu_cxx::__normal_iterator<std::pair<int, ORB_SLAM2::ExtractorNode*>*, std::vector<std::pair<int, ORB_SLAM2::ExtractorNode*>, std::allocator<std::pair<int, ORB_SLAM2::ExtractorNode*>>>>, long, __gnu_cxx::__ops::_Iter_less_iter>","0","0.0119995","0","0","0","0","0","","","libORB_SLAM2.so","void std::__introsort_loop<__gnu_cxx::__normal_iterator<std::pair<int, ORB_SLAM2::ExtractorNode*>*, std::vector<std::pair<int, ORB_SLAM2::ExtractorNode*>, std::allocator<std::pair<int, ORB_SLAM2::ExtractorNode*>>>>, long, __gnu_cxx::__ops::_Iter_less_iter>(__gnu_cxx::__normal_iterator<std::pair<int, ORB_SLAM2::ExtractorNode*>*, std::vector<std::pair<int, ORB_SLAM2::ExtractorNode*>, std::allocator<std::pair<int, ORB_SLAM2::ExtractorNode*>>>>, __gnu_cxx::__normal_iterator<std::pair<int, ORB_SLAM2::ExtractorNode*>*, std::vector<std::pair<int, ORB_SLAM2::ExtractorNode*>, std::allocator<std::pair<int, ORB_SLAM2::ExtractorNode*>>>>, long, __gnu_cxx::__ops::_Iter_less_iter)","stl_algo.h","0x98d30","26278","26278"
" func@0xbf25e","0","0.0119961","0","0","0","0","0","","","libopencv_features2d.so.3.4","func@0xbf25e","[Unknown]","0xbf25e","26278","26278"
" cv::perspectiveTransform","0","0.0119937","0","0","0","0","0","","","libopencv_core.so.3.4","cv::perspectiveTransform(cv::_InputArray const&, cv::_OutputArray const&, cv::_InputArray const&)","matmul.cpp","0x1eb2f0","26278","26278"
" DBoW2::TemplatedVocabulary<cv::Mat, DBoW2::FORB>::transform","0","0.01199","0","0","0","0","0","","","libORB_SLAM2.so","DBoW2::TemplatedVocabulary<cv::Mat, DBoW2::FORB>::transform(cv::Mat const&, unsigned int&, double&, unsigned int*, int) const","TemplatedVocabulary.h","0x619c0","26278","26278"
" LMIDDLE_LOOP_Mgas_8","0","0.0119872","0","0","0","0","0","","","libopencv_xphoto.so.3.4","LMIDDLE_LOOP_Mgas_8","[Unknown]","0x18af8a","26278","26278"
" cv::Mat::reshape","0","0.0119865","0","0","0","0","0","","","libopencv_core.so.3.4","cv::Mat::reshape(int, int, int const*) const","matrix.cpp","0x2ec2f0","26278","26278"
" icv_l9_owns_BitRev1_D","0","0.0119858","0","0","0","0","0","","","libopencv_xphoto.so.3.4","icv_l9_owns_BitRev1_D","[Unknown]","0x18b080","26278","26278"
" g2o::BaseUnaryEdge<(int)2, Eigen::Matrix<double, (int)2, (int)1, (int)0, (int)2, (int)1>, g2o::VertexSE3Expmap>::BaseUnaryEdge","0","0.0119798","0","0","0","0","0","","","libORB_SLAM2.so","g2o::BaseUnaryEdge<(int)2, Eigen::Matrix<double, (int)2, (int)1, (int)0, (int)2, (int)1>, g2o::VertexSE3Expmap>::BaseUnaryEdge(void)","base_unary_edge.h","0xd49b0","26278","26278"
" g2o::BaseEdge<(int)2, Eigen::Matrix<double, (int)2, (int)1, (int)0, (int)2, (int)1>>::chi2","0","0.0119016","0","0","0","0","0","","","libORB_SLAM2.so","g2o::BaseEdge<(int)2, Eigen::Matrix<double, (int)2, (int)1, (int)0, (int)2, (int)1>>::chi2(void) const","base_edge.h","0xd64a0","26278","26278"
" std::vector<float, std::allocator<float>>::operator=","0","0.0112557","0","0","0","0","0","","","libORB_SLAM2.so","std::vector<float, std::allocator<float>>::operator=(std::vector<float, std::allocator<float>> const&)","vector.tcc","0x7ae60","26278","26278"
" func@0x310340","0","0.0100019","0","0","0","0","0","","","libopencv_core.so.3.4","func@0x310340","[Unknown]","0x310340","26278","26278"
" std::vector<float const*, std::allocator<float const*>>::_M_insert_aux","0.01","0","0","0","0","0","0","","","libopencv_imgproc.so.3.4","std::vector<float const*, std::allocator<float const*>>::_M_insert_aux(__gnu_cxx::__normal_iterator<float const**, std::vector<float const*, std::allocator<float const*>>>, float const* const&)","vector.tcc","0x27d9b0","26278","26278"
" ORB_SLAM2::KeyFrameDatabase::KeyFrameDatabase","0","0.01","0","0","0","0","0","","","libORB_SLAM2.so","ORB_SLAM2::KeyFrameDatabase::KeyFrameDatabase(DBoW2::TemplatedVocabulary<cv::Mat, DBoW2::FORB> const&)","KeyFrameDatabase.cc","0x138050","26278","26278"
" cv::_InputArray::getUMatVector","0","0.01","0","0","0","0","0","","","libopencv_core.so.3.4","cv::_InputArray::getUMatVector(std::vector<cv::UMat, std::allocator<cv::UMat>>&) const","matrix_wrap.cpp","0x183d40","26278","26278"
" __GI___pthread_mutex_lock","0.01","0","0","0","0","0","0","","","libpthread.so.0","__GI___pthread_mutex_lock","pthread_mutex_lock.c","0x9d40","26278","26278"
" icv_l9_ippiCopyConstBorder_16u_C3IR_L","0","0.01","0","0","0","0","0","","","libopencv_xphoto.so.3.4","icv_l9_ippiCopyConstBorder_16u_C3IR_L","[Unknown]","0xb2e60","26278","26278"
" operator new","0.01","0","0","0","0","0","0","","","libpin3dwarf.so","operator new(unsigned long)","new.cpp","0xbb3a0","26278","26278"
" cv::scaleAdd","0","0.01","0","0","0","0","0","","","libopencv_core.so.3.4","cv::scaleAdd(cv::_InputArray const&, double, cv::_InputArray const&, cv::_OutputArray const&)","matmul.cpp","0x1ebd90","26278","26278"
" ORB_SLAM2::KeyFrame::TrackedMapPoints","0","0.01","0","0","0","0","0","","","libORB_SLAM2.so","ORB_SLAM2::KeyFrame::TrackedMapPoints(int const&)","KeyFrame.cc","0xbbcc0","26278","26278"
" nanosleep","0","0.01","0","0","0","0","0","","","libc.so.6","nanosleep","syscall-template.S","0xcc2e0","26278","26278"
" func@0xed90","0","0.01","0","0","0","0","0","","","libudev.so.1","func@0xed90","[Unknown]","0xed90","26278","26278"
" icv_y8_ippiTranspose_32s_C3IR","0","0.00877608","0","0","0","0","0","","","libopencv_core.so.3.4","icv_y8_ippiTranspose_32s_C3IR","[Unknown]","0x341720","26278","26278"
" std::_Rb_tree<ORB_SLAM2::KeyFrame*, std::pair<ORB_SLAM2::KeyFrame* const, unsigned long>, std::_Select1st<std::pair<ORB_SLAM2::KeyFrame* const, unsigned long>>, std::less<ORB_SLAM2::KeyFrame*>, std::allocator<std::pair<ORB_SLAM2::KeyFrame* const, unsigned long>>>::_M_erase","0","0.00803667","0","0","0","0","0","","","libORB_SLAM2.so","std::_Rb_tree<ORB_SLAM2::KeyFrame*, std::pair<ORB_SLAM2::KeyFrame* const, unsigned long>, std::_Select1st<std::pair<ORB_SLAM2::KeyFrame* const, unsigned long>>, std::less<ORB_SLAM2::KeyFrame*>, std::allocator<std::pair<ORB_SLAM2::KeyFrame* const, unsigned long>>>::_M_erase(std::_Rb_tree_node<std::pair<ORB_SLAM2::KeyFrame* const, unsigned long>>*)","stl_tree.h","0x79210","26278","26278"
" cv::OcvDctImpl::~OcvDctImpl","0","0.00802625","0","0","0","0","0","","","libopencv_core.so.3.4","cv::OcvDctImpl::~OcvDctImpl(void)","dxt.cpp","0x2ca040","26278","26278"
" ORB_SLAM2::FrameDrawer::Update","0","0.00802254","0","0","0","0","0","","","libORB_SLAM2.so","ORB_SLAM2::FrameDrawer::Update(ORB_SLAM2::Tracking*)","FrameDrawer.cc","0xaa070","26278","26278"
" ORB_SLAM2::Tracking::SearchLocalPoints","0","0.00802186","0","0","0","0","0","","","libORB_SLAM2.so","ORB_SLAM2::Tracking::SearchLocalPoints(void)","Tracking.cc","0x70f20","26278","26278"
" cvReleaseFileStorage","0","0.00801279","0","0","0","0","0","","","libopencv_core.so.3.4","cvReleaseFileStorage","[Unknown]","0x1b8ca0","26278","26278"
" g2o::SparseOptimizer::activeRobustChi2","0","0.00801027","0","0","0","0","0","","","libg2o.so","g2o::SparseOptimizer::activeRobustChi2(void) const","[Unknown]","0x677f0","26278","26278"
" std::vector<ORB_SLAM2::MapPoint*, std::allocator<ORB_SLAM2::MapPoint*>>::vector","0","0.00800797","0","0","0","0","0","","","libORB_SLAM2.so","std::vector<ORB_SLAM2::MapPoint*, std::allocator<ORB_SLAM2::MapPoint*>>::vector(std::vector<ORB_SLAM2::MapPoint*, std::allocator<ORB_SLAM2::MapPoint*>> const&)","stl_vector.h","0x66a80","26278","26278"
" std::_Rb_tree_increment","0","0.00800385","0","0","0","0","0","","","libstdc++.so.6","std::_Rb_tree_increment(std::_Rb_tree_node_base*)","[Unknown]","0xa78c0","26278","26278"
" func@0x51920","0","0.00800374","0","0","0","0","0","","","libORB_SLAM2.so","func@0x51920","[Unknown]","0x51920","26278","26278"
" Eigen::DenseBase<Eigen::Matrix<double, (int)2, (int)2, (int)0, (int)2, (int)2>>::lazyAssign<Eigen::Matrix<double, (int)2, (int)2, (int)0, (int)2, (int)2>>","0","0.00800306","0","0","0","0","0","","","libORB_SLAM2.so","Eigen::Matrix<double, (int)2, (int)2, (int)0, (int)2, (int)2>& Eigen::DenseBase<Eigen::Matrix<double, (int)2, (int)2, (int)0, (int)2, (int)2>>::lazyAssign<Eigen::Matrix<double, (int)2, (int)2, (int)0, (int)2, (int)2>>(Eigen::DenseBase<Eigen::Matrix<double, (int)2, (int)2, (int)0, (int)2, (int)2>> const&)","Assign.h","0xd5f80","26278","26278"
" std::vector<unsigned long, std::allocator<unsigned long>>::vector","0","0.00800186","0","0","0","0","0","","","libORB_SLAM2.so","std::vector<unsigned long, std::allocator<unsigned long>>::vector(void)","stl_vector.h","0xa9520","26278","26278"
" ORB_SLAM2::MapPoint::Observations","0","0.00800067","0","0","0","0","0","","","libORB_SLAM2.so","ORB_SLAM2::MapPoint::Observations(void)","MapPoint.cc","0xb0670","26278","26278"
" LREV1_Agas_9","0","0.00799955","0","0","0","0","0","","","libopencv_xphoto.so.3.4","LREV1_Agas_9","[Unknown]","0x18b2b1","26278","26278"
" _intel_fast_memcpy","0","0.00799878","0","0","0","0","0","","","mono_kitti","_intel_fast_memcpy","[Unknown]","0x411fc0","26278","26278"
" __GI___pthread_mutex_unlock","0","0.00799433","0","0","0","0","0","","","libpthread.so.0","__GI___pthread_mutex_unlock","pthread_mutex_unlock.c","0xb4c0","26278","26278"
" OPENCL_FN_clGetKernelInfo_switch_fn","0","0.00799431","0","0","0","0","0","","","libopencv_core.so.3.4","OPENCL_FN_clGetKernelInfo_switch_fn(_cl_kernel*, unsigned int, unsigned long, void*, unsigned long*)","opencl_core_impl.hpp","0x1c1e30","26278","26278"
" g2o::SparseOptimizer::setAlgorithm","0","0.00799401","0","0","0","0","0","","","libg2o.so","g2o::SparseOptimizer::setAlgorithm(g2o::OptimizationAlgorithm*)","[Unknown]","0x67db0","26278","26278"
" cv::MatAllocator::download","0","0.00799338","0","0","0","0","0","","","libopencv_core.so.3.4","cv::MatAllocator::download(cv::UMatData*, void*, int, unsigned long const*, unsigned long const*, unsigned long const*, unsigned long const*) const","matrix.cpp","0x2e87a0","26278","26278"
" __intel_avx_rep_memcpy","0","0.00799","0","0","0","0","0","","","mono_kitti","__intel_avx_rep_memcpy","[Unknown]","0x4159c0","26278","26278"
" std::_Rb_tree<g2o::HyperGraphAction*, g2o::HyperGraphAction*, std::_Identity<g2o::HyperGraphAction*>, std::less<g2o::HyperGraphAction*>, std::allocator<g2o::HyperGraphAction*>>::_M_erase","0","0.00798957","0","0","0","0","0","","","libg2o.so","std::_Rb_tree<g2o::HyperGraphAction*, g2o::HyperGraphAction*, std::_Identity<g2o::HyperGraphAction*>, std::less<g2o::HyperGraphAction*>, std::allocator<g2o::HyperGraphAction*>>::_M_erase(std::_Rb_tree_node<g2o::HyperGraphAction*>*)","[Unknown]","0x58300","26278","26278"
" ORB_SLAM2::System::TrackMonocular","0","0.00798787","0","0","0","0","0","","","libORB_SLAM2.so","ORB_SLAM2::System::TrackMonocular(cv::Mat const&, double const&)","System.cc","0x54620","26278","26278"
" func@0x4f810","0","0.00798659","0","0","0","0","0","","","libORB_SLAM2.so","func@0x4f810","[Unknown]","0x4f810","26278","26278"
" std::vector<float, std::allocator<float>>::vector","0","0.00798348","0","0","0","0","0","","","libORB_SLAM2.so","std::vector<float, std::allocator<float>>::vector(std::vector<float, std::allocator<float>> const&)","stl_vector.h","0xc02e0","26278","26278"
" g2o::BlockSolver<g2o::BlockSolverTraits<(int)6, (int)3>>::buildSystem","0","0.00798165","0","0","0","0","0","","","libORB_SLAM2.so","g2o::BlockSolver<g2o::BlockSolverTraits<(int)6, (int)3>>::buildSystem(void)","block_solver.hpp","0xde300","26278","26278"
" ORB_SLAM2::ORBextractor::DistributeOctTree","0","0.00797974","0","0","0","0","0","","","libORB_SLAM2.so","ORB_SLAM2::ORBextractor::DistributeOctTree(std::vector<cv::KeyPoint, std::allocator<cv::KeyPoint>> const&, int const&, int const&, int const&, int const&, int const&, int const&)","ORBextractor.cc","0x940f0","26278","26278"
" cv::solveLP","0","0.00797719","0","0","0","0","0","","","libopencv_core.so.3.4","cv::solveLP(cv::Mat const&, cv::Mat const&, cv::Mat&)","lpsolver.cpp","0x26bad0","26278","26278"
" ORB_SLAM2::MapPoint::GetReplaced","0","0.00797445","0","0","0","0","0","","","libORB_SLAM2.so","ORB_SLAM2::MapPoint::GetReplaced(void)","MapPoint.cc","0xb31e0","26278","26278"
" cv::Mat::Mat","0","0.00796574","0","0","0","0","0","","","libORB_SLAM2.so","cv::Mat::Mat(cv::Mat const&)","mat.inl.hpp","0x76d50","26278","26278"
" __dynamic_cast","0","0.00399329","0","0","0","0","0","","","libstdc++.so.6","__dynamic_cast","[Unknown]","0x8e420","26278","26278"
"OpenCVThread-010 (TID: 26311)","0.298309","11.5317","0","0","0","0","0","3.81896","2496463","[Unknown]","[Unknown]","[Unknown]","0","26278","26311"
" cv::_OutputArray::assign","0.022027","2.48985","0","0","0","0","0","","","libopencv_core.so.3.4","cv::_OutputArray::assign(cv::Mat const&) const","matrix_wrap.cpp","0x17f4c0","26278","26311"
" std::vector<cv::Mat, std::allocator<cv::Mat>>::_M_fill_insert","0","2.35338","0","0","0","0","0","","","libopencv_core.so.3.4","std::vector<cv::Mat, std::allocator<cv::Mat>>::_M_fill_insert(__gnu_cxx::__normal_iterator<cv::Mat*, std::vector<cv::Mat, std::allocator<cv::Mat>>>, unsigned long, cv::Mat const&)","vector.tcc","0x1803e0","26278","26311"
" cv::hal::sub8u","0","0.828625","0","0","0","0","0","","","libopencv_core.so.3.4","cv::hal::sub8u(unsigned char const*, unsigned long, unsigned char const*, unsigned long, unsigned char*, unsigned long, int, int, void*)","arithm.cpp","0x1b2d20","26278","26311"
" func@0x17e8c2","0.01","0.364219","0","0","0","0","0","","","libopencv_core.so.3.4","func@0x17e8c2","[Unknown]","0x17e8c2","26278","26311"
" DBoW2::FORB::distance","0.194201","0.0821114","0","0","0","0","0","","","libDBoW2.so","DBoW2::FORB::distance(cv::Mat const&, cv::Mat const&)","[Unknown]","0x6590","26278","26311"
" std::vector<unsigned char, std::allocator<unsigned char>>::_M_fill_insert","0","0.264047","0","0","0","0","0","","","libopencv_core.so.3.4","std::vector<unsigned char, std::allocator<unsigned char>>::_M_fill_insert(__gnu_cxx::__normal_iterator<unsigned char*, std::vector<unsigned char, std::allocator<unsigned char>>>, unsigned long, unsigned char const&)","vector.tcc","0x184720","26278","26311"
" cv::transform_8u","0.0100244","0.190059","0","0","0","0","0","","","libopencv_core.so.3.4","cv::transform_8u(unsigned char const*, unsigned char*, float const*, int, int, int)","matmul.cpp","0x1d48c0","26278","26311"
" __GI___pthread_mutex_lock","0","0.199966","0","0","0","0","0","","","libpthread.so.0","__GI___pthread_mutex_lock","pthread_mutex_lock.c","0x9d40","26278","26311"
" ORB_SLAM2::ORBmatcher::SearchForTriangulation","0","0.195973","0","0","0","0","0","","","libORB_SLAM2.so","ORB_SLAM2::ORBmatcher::SearchForTriangulation(ORB_SLAM2::KeyFrame*, ORB_SLAM2::KeyFrame*, cv::Mat, std::vector<std::pair<unsigned long, unsigned long>, std::allocator<std::pair<unsigned long, unsigned long>>>&, bool)","ORBmatcher.cc","0xa1af0","26278","26311"
" __posix_memalign","0","0.194456","0","0","0","0","0","","","libc.so.6","__posix_memalign","malloc.c","0x87600","26278","26311"
" __GI_","0.0100221","0.163994","0","0","0","0","0","","","libc.so.6","float __GI_(long, int, bool, char)","malloc.c","0x844f0","26278","26311"
" __GI___clock_gettime","0","0.170854","0","0","0","0","0","","","libc.so.6","__GI___clock_gettime","clock_gettime.c","0x115850","26278","26311"
" operator new","0","0.167697","0","0","0","0","0","","","libstdc++.so.6","operator new(unsigned long)","[Unknown]","0x90480","26278","26311"
" cv::cvarrToMat","0","0.159957","0","0","0","0","0","","","libopencv_core.so.3.4","cv::cvarrToMat(void const*, bool, bool, int, cv::AutoBuffer<double, (unsigned long)136>*)","matrix_c.cpp","0x2e1d00","26278","26311"
" __GI___pthread_mutex_unlock","0","0.141468","0","0","0","0","0","","","libpthread.so.0","__GI___pthread_mutex_unlock","pthread_mutex_unlock.c","0xb4c0","26278","26311"
" cv::_InputArray::getUMatVector","0","0.133991","0","0","0","0","0","","","libopencv_core.so.3.4","cv::_InputArray::getUMatVector(std::vector<cv::UMat, std::allocator<cv::UMat>>&) const","matrix_wrap.cpp","0x183d40","26278","26311"
" icv_l9_ippiCopyWrapBorder_32s_C1R_L","0","0.129898","0","0","0","0","0","","","libopencv_core.so.3.4","icv_l9_ippiCopyWrapBorder_32s_C1R_L","[Unknown]","0x391760","26278","26311"
" ORB_SLAM2::ORBmatcher::DescriptorDistance","0","0.12803","0","0","0","0","0","","","libORB_SLAM2.so","ORB_SLAM2::ORBmatcher::DescriptorDistance(cv::Mat const&, cv::Mat const&)","mat.inl.hpp","0xa4ee0","26278","26311"
" icv_l9_ippiTranspose_8u_C1R","0","0.115987","0","0","0","0","0","","","libopencv_core.so.3.4","icv_l9_ippiTranspose_8u_C1R","[Unknown]","0x393e80","26278","26311"
" cv::Mat::operator=","0","0.097963","0","0","0","0","0","","","libORB_SLAM2.so","cv::Mat::operator=(cv::Mat const&)","mat.inl.hpp","0x5df60","26278","26311"
" g2o::EdgeSE3ProjectXYZ::linearizeOplus","0","0.0959671","0","0","0","0","0","","","libg2o.so","g2o::EdgeSE3ProjectXYZ::linearizeOplus(void)","[Unknown]","0x2db10","26278","26311"
" g2o::BlockSolver<g2o::BlockSolverTraits<(int)6, (int)3>>::buildSystem","0","0.0919635","0","0","0","0","0","","","libORB_SLAM2.so","g2o::BlockSolver<g2o::BlockSolverTraits<(int)6, (int)3>>::buildSystem(void)","block_solver.hpp","0xde300","26278","26311"
" ORB_SLAM2::MapPoint::IsInKeyFrame","0","0.0859933","0","0","0","0","0","","","libORB_SLAM2.so","ORB_SLAM2::MapPoint::IsInKeyFrame(ORB_SLAM2::KeyFrame*)","MapPoint.cc","0xb20f0","26278","26311"
" g2o::SparseOptimizer::activeRobustChi2","0","0.0840122","0","0","0","0","0","","","libg2o.so","g2o::SparseOptimizer::activeRobustChi2(void) const","[Unknown]","0x677f0","26278","26311"
" cv::transform_8s","0","0.083738","0","0","0","0","0","","","libopencv_core.so.3.4","cv::transform_8s(signed char const*, signed char*, float const*, int, int, int)","matmul.cpp","0x1d0b60","26278","26311"
" Eigen::SelfCwiseBinaryOp<Eigen::internal::scalar_difference_op<double>, Eigen::Matrix<double, (int)6, (int)6, (int)0, (int)6, (int)6>, Eigen::CoeffBasedProduct<Eigen::Matrix<double, (int)6, (int)3, (int)0, (int)6, (int)3> const&, Eigen::Transpose<Eigen::Matrix<double, (int)6, (int)3, (int)0, (int)6, (int)3> const> const, (int)256>>::copyPacket<Eigen::CoeffBasedProduct<Eigen::Matrix<double, (int)6, (int)3, (int)0, (int)6, (int)3> const&, Eigen::Transpose<Eigen::Matrix<double, (int)6, (int)3, (int)0, (int)6, (int)3> const> const, (int)256>, (int)1, (int)1>","0","0.0800682","0","0","0","0","0","","","libORB_SLAM2.so","void Eigen::SelfCwiseBinaryOp<Eigen::internal::scalar_difference_op<double>, Eigen::Matrix<double, (int)6, (int)6, (int)0, (int)6, (int)6>, Eigen::CoeffBasedProduct<Eigen::Matrix<double, (int)6, (int)3, (int)0, (int)6, (int)3> const&, Eigen::Transpose<Eigen::Matrix<double, (int)6, (int)3, (int)0, (int)6, (int)3> const> const, (int)256>>::copyPacket<Eigen::CoeffBasedProduct<Eigen::Matrix<double, (int)6, (int)3, (int)0, (int)6, (int)3> const&, Eigen::Transpose<Eigen::Matrix<double, (int)6, (int)3, (int)0, (int)6, (int)3> const> const, (int)256>, (int)1, (int)1>(long, long, Eigen::DenseBase<Eigen::CoeffBasedProduct<Eigen::Matrix<double, (int)6, (int)3, (int)0, (int)6, (int)3> const&, Eigen::Transpose<Eigen::Matrix<double, (int)6, (int)3, (int)0, (int)6, (int)3> const> const, (int)256>> const&)","PlainObjectBase.h","0xdf8b0","26278","26311"
" std::_Rb_tree_increment","0","0.0800278","0","0","0","0","0","","","libstdc++.so.6","std::_Rb_tree_increment(std::_Rb_tree_node_base*)","[Unknown]","0xa78c0","26278","26311"
" g2o::EdgeSE3ProjectXYZ::computeError","0","0.0760086","0","0","0","0","0","","","libg2o.so","g2o::EdgeSE3ProjectXYZ::computeError(void)","[Unknown]","0x2fb30","26278","26311"
" cvReleaseFileStorage","0","0.0720362","0","0","0","0","0","","","libopencv_core.so.3.4","cvReleaseFileStorage","persistence_c.cpp","0x1b8ca0","26278","26311"
" cv::extractImageCOI","0","0.0659586","0","0","0","0","0","","","libopencv_core.so.3.4","cv::extractImageCOI(void const*, cv::_OutputArray const&, int)","matrix_c.cpp","0x2e3540","26278","26311"
" __GI___libc_malloc","0","0.0560216","0","0","0","0","0","","","libc.so.6","__GI___libc_malloc","malloc.c","0x84130","26278","26311"
" cv::operator-","0","0.05401","0","0","0","0","0","","","libopencv_core.so.3.4","cv::operator-(cv::Scalar_<double> const&, cv::Mat const&)","matrix_expressions.cpp","0x25a040","26278","26311"
" Eigen::internal::assign_impl<Eigen::Matrix<double, (int)6, (int)3, (int)0, (int)6, (int)3>, Eigen::CoeffBasedProduct<Eigen::Matrix<double, (int)6, (int)3, (int)0, (int)6, (int)3> const&, Eigen::Matrix<double, (int)3, (int)3, (int)0, (int)3, (int)3> const&, (int)6>, (int)4, (int)0, (int)0>::run","0","0.0519991","0","0","0","0","0","","","libORB_SLAM2.so","Eigen::internal::assign_impl<Eigen::Matrix<double, (int)6, (int)3, (int)0, (int)6, (int)3>, Eigen::CoeffBasedProduct<Eigen::Matrix<double, (int)6, (int)3, (int)0, (int)6, (int)3> const&, Eigen::Matrix<double, (int)3, (int)3, (int)0, (int)3, (int)3> const&, (int)6>, (int)4, (int)0, (int)0>::run(Eigen::Matrix<double, (int)6, (int)3, (int)0, (int)6, (int)3>&, Eigen::CoeffBasedProduct<Eigen::Matrix<double, (int)6, (int)3, (int)0, (int)6, (int)3> const&, Eigen::Matrix<double, (int)3, (int)3, (int)0, (int)3, (int)3> const&, (int)6> const&)","Assign.h","0xdfff0","26278","26311"
" std::vector<unsigned long, std::allocator<unsigned long>>::vector","0","0.0519523","0","0","0","0","0","","","libORB_SLAM2.so","std::vector<unsigned long, std::allocator<unsigned long>>::vector(std::vector<unsigned long, std::allocator<unsigned long>> const&)","stl_vector.h","0xc1f00","26278","26311"
" DBoW2::TemplatedVocabulary<cv::Mat, DBoW2::FORB>::transform","0.0300111","0.0200074","0","0","0","0","0","","","libORB_SLAM2.so","DBoW2::TemplatedVocabulary<cv::Mat, DBoW2::FORB>::transform(cv::Mat const&, unsigned int&, double&, unsigned int*, int) const","TemplatedVocabulary.h","0x619c0","26278","26311"
" cv::Mat::~Mat","0","0.0479621","0","0","0","0","0","","","mono_kitti","cv::Mat::~Mat(void)","mat.inl.hpp","0x409630","26278","26311"
" cv::perspectiveTransform","0","0.04767","0","0","0","0","0","","","libopencv_core.so.3.4","cv::perspectiveTransform(cv::_InputArray const&, cv::_OutputArray const&, cv::_InputArray const&)","matmul.cpp","0x1eb2f0","26278","26311"
" cvGetMat","0","0.0440206","0","0","0","0","0","","","libopencv_core.so.3.4","cvGetMat","array.cpp","0x2c22c0","26278","26311"
" Eigen::SimplicialCholeskyBase<Eigen::SimplicialLDLT<Eigen::SparseMatrix<double, (int)0, int>, (int)2, Eigen::AMDOrdering<int>>>::factorize_preordered<(bool)1>","0","0.0439719","0","0","0","0","0","","","libORB_SLAM2.so","void Eigen::SimplicialCholeskyBase<Eigen::SimplicialLDLT<Eigen::SparseMatrix<double, (int)0, int>, (int)2, Eigen::AMDOrdering<int>>>::factorize_preordered<(bool)1>(Eigen::SparseMatrix<double, (int)0, int> const&)","SimplicialCholesky_impl.h","0xed590","26278","26311"
" cv::scaleAdd","0","0.0400023","0","0","0","0","0","","","libopencv_core.so.3.4","cv::scaleAdd(cv::_InputArray const&, double, cv::_InputArray const&, cv::_OutputArray const&)","matmul.cpp","0x1ebd90","26278","26311"
" g2o::SparseOptimizer::initializeOptimization","0","0.0399711","0","0","0","0","0","","","libg2o.so","g2o::SparseOptimizer::initializeOptimization(std::set<g2o::HyperGraph::Vertex*, std::less<g2o::HyperGraph::Vertex*>, std::allocator<g2o::HyperGraph::Vertex*>>&, int)","[Unknown]","0x69bc0","26278","26311"
" g2o::BlockSolver<g2o::BlockSolverTraits<(int)6, (int)3>>::solve","0","0.0398974","0","0","0","0","0","","","libORB_SLAM2.so","g2o::BlockSolver<g2o::BlockSolverTraits<(int)6, (int)3>>::solve(void)","block_solver.hpp","0xdea00","26278","26311"
" std::vector<ORB_SLAM2::MapPoint*, std::allocator<ORB_SLAM2::MapPoint*>>::vector","0","0.0360335","0","0","0","0","0","","","libORB_SLAM2.so","std::vector<ORB_SLAM2::MapPoint*, std::allocator<ORB_SLAM2::MapPoint*>>::vector(std::vector<ORB_SLAM2::MapPoint*, std::allocator<ORB_SLAM2::MapPoint*>> const&)","stl_vector.h","0x66a80","26278","26311"
" ORB_SLAM2::MapPoint::GetObservations","0","0.0360223","0","0","0","0","0","","","libORB_SLAM2.so","ORB_SLAM2::MapPoint::GetObservations(void)","MapPoint.cc","0xb0440","26278","26311"
" Eigen::QuaternionBase<Eigen::Quaternion<double, (int)0>>::_transformVector","0","0.0360083","0","0","0","0","0","","","libg2o.so","Eigen::QuaternionBase<Eigen::Quaternion<double, (int)0>>::_transformVector(Eigen::Matrix<double, (int)3, (int)1, (int)0, (int)3, (int)1> const&) const","[Unknown]","0x2f940","26278","26311"
" cvOpenFileStorage","0","0.0359943","0","0","0","0","0","","","libopencv_core.so.3.4","cvOpenFileStorage","persistence_c.cpp","0x1be0a0","26278","26311"
" cv::MatExpr::~MatExpr","0","0.0320689","0","0","0","0","0","","","libORB_SLAM2.so","cv::MatExpr::~MatExpr(void)","mat.hpp","0x65de0","26278","26311"
" g2o::BlockSolver<g2o::BlockSolverTraits<(int)6, (int)3>>::buildStructure","0","0.0320351","0","0","0","0","0","","","libORB_SLAM2.so","g2o::BlockSolver<g2o::BlockSolverTraits<(int)6, (int)3>>::buildStructure(bool)","block_solver.hpp","0xd9230","26278","26311"
" icv_l9_owns_BitRev1_D","0","0.0320032","0","0","0","0","0","","","libopencv_xphoto.so.3.4","icv_l9_owns_BitRev1_D","[Unknown]","0x18b080","26278","26311"
" _IO_vfprintf_internal","0","0.0319902","0","0","0","0","0","","","libc.so.6","_IO_vfprintf_internal","vfprintf.c","0x4d170","26278","26311"
" std::vector<cv::Vec<unsigned char, (int)3>, std::allocator<cv::Vec<unsigned char, (int)3>>>::_M_fill_insert","0","0.0319687","0","0","0","0","0","","","libopencv_core.so.3.4","std::vector<cv::Vec<unsigned char, (int)3>, std::allocator<cv::Vec<unsigned char, (int)3>>>::_M_fill_insert(__gnu_cxx::__normal_iterator<cv::Vec<unsigned char, (int)3>*, std::vector<cv::Vec<unsigned char, (int)3>, std::allocator<cv::Vec<unsigned char, (int)3>>>>, unsigned long, cv::Vec<unsigned char, (int)3> const&)","vector.tcc","0x184c70","26278","26311"
" std::vector<ORB_SLAM2::MapPoint*, std::allocator<ORB_SLAM2::MapPoint*>>::operator=","0","0.030016","0","0","0","0","0","","","libORB_SLAM2.so","std::vector<ORB_SLAM2::MapPoint*, std::allocator<ORB_SLAM2::MapPoint*>>::operator=(std::vector<ORB_SLAM2::MapPoint*, std::allocator<ORB_SLAM2::MapPoint*>> const&)","vector.tcc","0x77250","26278","26311"
" LLEN_8gas_8","0","0.0299758","0","0","0","0","0","","","libopencv_xphoto.so.3.4","LLEN_8gas_8","[Unknown]","0x18b02d","26278","26311"
" ORB_SLAM2::KeyFrame::GetFeaturesInArea","0","0.0279948","0","0","0","0","0","","","libORB_SLAM2.so","ORB_SLAM2::KeyFrame::GetFeaturesInArea(float const&, float const&, float const&) const","KeyFrame.cc","0xbbe50","26278","26311"
" ___vsnprintf_chk","0","0.0241979","0","0","0","0","0","","","libc.so.6","___vsnprintf_chk","vsnprintf_chk.c","0x116800","26278","26311"
" ORB_SLAM2::MapPoint::UpdateNormalAndDepth","0","0.0240364","0","0","0","0","0","","","libORB_SLAM2.so","ORB_SLAM2::MapPoint::UpdateNormalAndDepth(void)","MapPoint.cc","0xb3460","26278","26311"
" std::__introsort_loop<__gnu_cxx::__normal_iterator<cv::CommandLineParserParams*, std::vector<cv::CommandLineParserParams, std::allocator<cv::CommandLineParserParams>>>, long, __gnu_cxx::__ops::_Iter_comp_iter<bool (*)(cv::CommandLineParserParams const&, cv::CommandLineParserParams const&)>>","0","0.0240025","0","0","0","0","0","","","libopencv_core.so.3.4","void std::__introsort_loop<__gnu_cxx::__normal_iterator<cv::CommandLineParserParams*, std::vector<cv::CommandLineParserParams, std::allocator<cv::CommandLineParserParams>>>, long, __gnu_cxx::__ops::_Iter_comp_iter<bool (*)(cv::CommandLineParserParams const&, cv::CommandLineParserParams const&)>>(__gnu_cxx::__normal_iterator<cv::CommandLineParserParams*, std::vector<cv::CommandLineParserParams, std::allocator<cv::CommandLineParserParams>>>, __gnu_cxx::__normal_iterator<cv::CommandLineParserParams*, std::vector<cv::CommandLineParserParams, std::allocator<cv::CommandLineParserParams>>>, long, __gnu_cxx::__ops::_Iter_comp_iter<bool (*)(cv::CommandLineParserParams const&, cv::CommandLineParserParams const&)>)","stl_algo.h","0x2f3dc0","26278","26311"
" icv_l9_ippiCopyConstBorder_16u_C3IR_L","0","0.0239977","0","0","0","0","0","","","libopencv_xphoto.so.3.4","icv_l9_ippiCopyConstBorder_16u_C3IR_L","[Unknown]","0xb2e60","26278","26311"
" std::_Rb_tree<ORB_SLAM2::KeyFrame*, std::pair<ORB_SLAM2::KeyFrame* const, unsigned long>, std::_Select1st<std::pair<ORB_SLAM2::KeyFrame* const, unsigned long>>, std::less<ORB_SLAM2::KeyFrame*>, std::allocator<std::pair<ORB_SLAM2::KeyFrame* const, unsigned long>>>::operator=","0","0.0239943","0","0","0","0","0","","","libORB_SLAM2.so","std::_Rb_tree<ORB_SLAM2::KeyFrame*, std::pair<ORB_SLAM2::KeyFrame* const, unsigned long>, std::_Select1st<std::pair<ORB_SLAM2::KeyFrame* const, unsigned long>>, std::less<ORB_SLAM2::KeyFrame*>, std::allocator<std::pair<ORB_SLAM2::KeyFrame* const, unsigned long>>>::operator=(std::_Rb_tree<ORB_SLAM2::KeyFrame*, std::pair<ORB_SLAM2::KeyFrame* const, unsigned long>, std::_Select1st<std::pair<ORB_SLAM2::KeyFrame* const, unsigned long>>, std::less<ORB_SLAM2::KeyFrame*>, std::allocator<std::pair<ORB_SLAM2::KeyFrame* const, unsigned long>>> const&)","stl_tree.h","0xb5f40","26278","26311"
" cv::Mahalanobis","0","0.0239889","0","0","0","0","0","","","libopencv_core.so.3.4","cv::Mahalanobis(cv::_InputArray const&, cv::_InputArray const&, cv::_InputArray const&)","matmul.cpp","0x1ec8f0","26278","26311"
" cv::CommandLineParser::CommandLineParser","0","0.0239733","0","0","0","0","0","","","libopencv_core.so.3.4","cv::CommandLineParser::CommandLineParser(int, char const** const, cv::String const&)","command_line_parser.cpp","0x2f5db0","26278","26311"
" cvInitNArrayIterator","0","0.0237669","0","0","0","0","0","","","libopencv_core.so.3.4","cvInitNArrayIterator","array.cpp","0x2c3040","26278","26311"
" ORB_SLAM2::ORBmatcher::Fuse","0","0.0200353","0","0","0","0","0","","","libORB_SLAM2.so","ORB_SLAM2::ORBmatcher::Fuse(ORB_SLAM2::KeyFrame*, std::vector<ORB_SLAM2::MapPoint*, std::allocator<ORB_SLAM2::MapPoint*>> const&, float)","ORBmatcher.cc","0xa4f70","26278","26311"
" cv::rgbd::RgbdOdometry::~RgbdOdometry","0","0.0200307","0","0","0","0","0","","","libopencv_rgbd.so.3.4","cv::rgbd::RgbdOdometry::~RgbdOdometry(void)","rgbd.hpp","0xed60","26278","26311"
" Eigen::internal::assign_impl<Eigen::SelfCwiseBinaryOp<Eigen::internal::scalar_sum_op<double>, Eigen::Map<Eigen::Matrix<double, (int)6, (int)1, (int)0, (int)6, (int)1>, (int)0, Eigen::Stride<(int)0, (int)0>>, Eigen::CoeffBasedProduct<Eigen::Matrix<double, (int)6, (int)3, (int)0, (int)6, (int)3> const&, Eigen::Matrix<double, (int)3, (int)1, (int)0, (int)3, (int)1> const&, (int)256>>, Eigen::CoeffBasedProduct<Eigen::Matrix<double, (int)6, (int)3, (int)0, (int)6, (int)3> const&, Eigen::Matrix<double, (int)3, (int)1, (int)0, (int)3, (int)1> const&, (int)256>, (int)4, (int)0, (int)0>::run","0","0.0200034","0","0","0","0","0","","","libORB_SLAM2.so","Eigen::internal::assign_impl<Eigen::SelfCwiseBinaryOp<Eigen::internal::scalar_sum_op<double>, Eigen::Map<Eigen::Matrix<double, (int)6, (int)1, (int)0, (int)6, (int)1>, (int)0, Eigen::Stride<(int)0, (int)0>>, Eigen::CoeffBasedProduct<Eigen::Matrix<double, (int)6, (int)3, (int)0, (int)6, (int)3> const&, Eigen::Matrix<double, (int)3, (int)1, (int)0, (int)3, (int)1> const&, (int)256>>, Eigen::CoeffBasedProduct<Eigen::Matrix<double, (int)6, (int)3, (int)0, (int)6, (int)3> const&, Eigen::Matrix<double, (int)3, (int)1, (int)0, (int)3, (int)1> const&, (int)256>, (int)4, (int)0, (int)0>::run(Eigen::SelfCwiseBinaryOp<Eigen::internal::scalar_sum_op<double>, Eigen::Map<Eigen::Matrix<double, (int)6, (int)1, (int)0, (int)6, (int)1>, (int)0, Eigen::Stride<(int)0, (int)0>>, Eigen::CoeffBasedProduct<Eigen::Matrix<double, (int)6, (int)3, (int)0, (int)6, (int)3> const&, Eigen::Matrix<double, (int)3, (int)1, (int)0, (int)3, (int)1> const&, (int)256>>&, Eigen::CoeffBasedProduct<Eigen::Matrix<double, (int)6, (int)3, (int)0, (int)6, (int)3> const&, Eigen::Matrix<double, (int)3, (int)1, (int)0, (int)3, (int)1> const&, (int)256> const&)","Assign.h","0xdfab0","26278","26311"
" icv_y8_owniConvert_16u16s_ccode","0","0.0199958","0","0","0","0","0","","","libopencv_core.so.3.4","icv_y8_owniConvert_16u16s_ccode","[Unknown]","0x315fa0","26278","26311"
" g2o::BaseBinaryEdge<(int)2, Eigen::Matrix<double, (int)2, (int)1, (int)0, (int)2, (int)1>, g2o::VertexSBAPointXYZ, g2o::VertexSE3Expmap>::constructQuadraticForm","0","0.0199937","0","0","0","0","0","","","libg2o.so","g2o::BaseBinaryEdge<(int)2, Eigen::Matrix<double, (int)2, (int)1, (int)0, (int)2, (int)1>, g2o::VertexSBAPointXYZ, g2o::VertexSE3Expmap>::constructQuadraticForm(void)","[Unknown]","0x349c0","26278","26311"
" cv::aruco::_copyVector2Output","0","0.0199797","0","0","0","0","0","","","libopencv_aruco.so.3.4","cv::aruco::_copyVector2Output(std::vector<std::vector<cv::Point_<float>, std::allocator<cv::Point_<float>>>, std::allocator<std::vector<cv::Point_<float>, std::allocator<cv::Point_<float>>>>>&, cv::_OutputArray const&)","aruco.cpp","0x1b0b0","26278","26311"
" icv_l9_ippiCopyMirrorBorder_32s_C3R_L","0","0.0199711","0","0","0","0","0","","","libopencv_core.so.3.4","icv_l9_ippiCopyMirrorBorder_32s_C3R_L","[Unknown]","0x3944c0","26278","26311"
" ORB_SLAM2::Optimizer::LocalBundleAdjustment","0","0.019814","0","0","0","0","0","","","libORB_SLAM2.so","ORB_SLAM2::Optimizer::LocalBundleAdjustment(ORB_SLAM2::KeyFrame*, bool*, ORB_SLAM2::Map*)","Optimizer.cc","0xc8d20","26278","26311"
" cv::mixChannels","0","0.0195466","0","0","0","0","0","","","libopencv_core.so.3.4","cv::mixChannels(cv::Mat const*, unsigned long, cv::Mat*, unsigned long, int const*, unsigned long)","channels.cpp","0x1c2a90","26278","26311"
" std::_Rb_tree<ORB_SLAM2::KeyFrame*, std::pair<ORB_SLAM2::KeyFrame* const, unsigned long>, std::_Select1st<std::pair<ORB_SLAM2::KeyFrame* const, unsigned long>>, std::less<ORB_SLAM2::KeyFrame*>, std::allocator<std::pair<ORB_SLAM2::KeyFrame* const, unsigned long>>>::_M_copy<std::_Rb_tree<ORB_SLAM2::KeyFrame*, std::pair<ORB_SLAM2::KeyFrame* const, unsigned long>, std::_Select1st<std::pair<ORB_SLAM2::KeyFrame* const, unsigned long>>, std::less<ORB_SLAM2::KeyFrame*>, std::allocator<std::pair<ORB_SLAM2::KeyFrame* const, unsigned long>>>::_Alloc_node>","0","0.016038","0","0","0","0","0","","","libORB_SLAM2.so","std::_Rb_tree_node<std::pair<ORB_SLAM2::KeyFrame* const, unsigned long>>* std::_Rb_tree<ORB_SLAM2::KeyFrame*, std::pair<ORB_SLAM2::KeyFrame* const, unsigned long>, std::_Select1st<std::pair<ORB_SLAM2::KeyFrame* const, unsigned long>>, std::less<ORB_SLAM2::KeyFrame*>, std::allocator<std::pair<ORB_SLAM2::KeyFrame* const, unsigned long>>>::_M_copy<std::_Rb_tree<ORB_SLAM2::KeyFrame*, std::pair<ORB_SLAM2::KeyFrame* const, unsigned long>, std::_Select1st<std::pair<ORB_SLAM2::KeyFrame* const, unsigned long>>, std::less<ORB_SLAM2::KeyFrame*>, std::allocator<std::pair<ORB_SLAM2::KeyFrame* const, unsigned long>>>::_Alloc_node>(std::_Rb_tree_node<std::pair<ORB_SLAM2::KeyFrame* const, unsigned long>> const*, std::_Rb_tree_node<std::pair<ORB_SLAM2::KeyFrame* const, unsigned long>>*, std::_Rb_tree<ORB_SLAM2::KeyFrame*, std::pair<ORB_SLAM2::KeyFrame* const, unsigned long>, std::_Select1st<std::pair<ORB_SLAM2::KeyFrame* const, unsigned long>>, std::less<ORB_SLAM2::KeyFrame*>, std::allocator<std::pair<ORB_SLAM2::KeyFrame* const, unsigned long>>>::_Alloc_node&)","stl_tree.h","0xb4b10","26278","26311"
" func@0x4ff40","0","0.0160165","0","0","0","0","0","","","libORB_SLAM2.so","func@0x4ff40","[Unknown]","0x4ff40","26278","26311"
" cv::RNG_MT19937::next","0","0.016006","0","0","0","0","0","","","libopencv_core.so.3.4","cv::RNG_MT19937::next(void)","rand.cpp","0x276b80","26278","26311"
" cv::Mat::reshape","0","0.0159792","0","0","0","0","0","","","libopencv_core.so.3.4","cv::Mat::reshape(int, int) const","matrix.cpp","0x2ecd40","26278","26311"
" std::vector<cv::Mat, std::allocator<cv::Mat>>::reserve","0","0.01596","0","0","0","0","0","","","libORB_SLAM2.so","std::vector<cv::Mat, std::allocator<cv::Mat>>::reserve(unsigned long)","vector.tcc","0x5ecc0","26278","26311"
" cvKMeans2","0","0.0159518","0","0","0","0","0","","","libopencv_core.so.3.4","cvKMeans2","matrix_c.cpp","0x2e5fd0","26278","26311"
" std::_Rb_tree<ORB_SLAM2::KeyFrame*, std::pair<ORB_SLAM2::KeyFrame* const, unsigned long>, std::_Select1st<std::pair<ORB_SLAM2::KeyFrame* const, unsigned long>>, std::less<ORB_SLAM2::KeyFrame*>, std::allocator<std::pair<ORB_SLAM2::KeyFrame* const, unsigned long>>>::_M_erase","0","0.0157577","0","0","0","0","0","","","libORB_SLAM2.so","std::_Rb_tree<ORB_SLAM2::KeyFrame*, std::pair<ORB_SLAM2::KeyFrame* const, unsigned long>, std::_Select1st<std::pair<ORB_SLAM2::KeyFrame* const, unsigned long>>, std::less<ORB_SLAM2::KeyFrame*>, std::allocator<std::pair<ORB_SLAM2::KeyFrame* const, unsigned long>>>::_M_erase(std::_Rb_tree_node<std::pair<ORB_SLAM2::KeyFrame* const, unsigned long>>*)","stl_tree.h","0x79210","26278","26311"
" std::_Rb_tree<g2o::HyperGraph::Edge*, g2o::HyperGraph::Edge*, std::_Identity<g2o::HyperGraph::Edge*>, std::less<g2o::HyperGraph::Edge*>, std::allocator<g2o::HyperGraph::Edge*>>::_M_erase","0","0.0153217","0","0","0","0","0","","","libg2o.so","std::_Rb_tree<g2o::HyperGraph::Edge*, g2o::HyperGraph::Edge*, std::_Identity<g2o::HyperGraph::Edge*>, std::less<g2o::HyperGraph::Edge*>, std::allocator<g2o::HyperGraph::Edge*>>::_M_erase(std::_Rb_tree_node<g2o::HyperGraph::Edge*>*)","[Unknown]","0x497d0","26278","26311"
" cvSave","0","0.0120253","0","0","0","0","0","","","libopencv_core.so.3.4","cvSave","persistence_c.cpp","0x1bfd20","26278","26311"
" DBoW2::BowVector::addWeight","0.0120237","0","0","0","0","0","0","","","libDBoW2.so","DBoW2::BowVector::addWeight(unsigned int, double)","[Unknown]","0x54a0","26278","26311"
" __intel_avx_rep_memset","0","0.0120222","0","0","0","0","0","","","mono_kitti","__intel_avx_rep_memset","[Unknown]","0x417180","26278","26311"
" cvReduce","0","0.012021","0","0","0","0","0","","","libopencv_core.so.3.4","cvReduce","matrix_c.cpp","0x2e4c90","26278","26311"
" LFlipI32s01gas_6","0","0.0120154","0","0","0","0","0","","","libopencv_core.so.3.4","LFlipI32s01gas_6","[Unknown]","0x3bccac","26278","26311"
" ORB_SLAM2::KeyFrame::ComputeSceneMedianDepth","0","0.0120109","0","0","0","0","0","","","libORB_SLAM2.so","ORB_SLAM2::KeyFrame::ComputeSceneMedianDepth(int)","KeyFrame.cc","0xbeb90","26278","26311"
" icv_l9_owniCopyMirrorBorder_32s_C3IR_L","0","0.0120108","0","0","0","0","0","","","libopencv_xphoto.so.3.4","icv_l9_owniCopyMirrorBorder_32s_C3IR_L","[Unknown]","0xee460","26278","26311"
" cvGetRows","0","0.0120086","0","0","0","0","0","","","libopencv_core.so.3.4","cvGetRows","array.cpp","0x2c3d50","26278","26311"
" Eigen::DenseBase<Eigen::Matrix<double, (int)6, (int)3, (int)0, (int)6, (int)3>>::lazyAssign<Eigen::Matrix<double, (int)6, (int)3, (int)0, (int)6, (int)3>>","0","0.0120083","0","0","0","0","0","","","libORB_SLAM2.so","Eigen::Matrix<double, (int)6, (int)3, (int)0, (int)6, (int)3>& Eigen::DenseBase<Eigen::Matrix<double, (int)6, (int)3, (int)0, (int)6, (int)3>>::lazyAssign<Eigen::Matrix<double, (int)6, (int)3, (int)0, (int)6, (int)3>>(Eigen::DenseBase<Eigen::Matrix<double, (int)6, (int)3, (int)0, (int)6, (int)3>> const&)","Assign.h","0xdff80","26278","26311"
" g2o::EdgeSE3ProjectXYZ::cam_project","0","0.0120075","0","0","0","0","0","","","libg2o.so","g2o::EdgeSE3ProjectXYZ::cam_project(Eigen::Matrix<double, (int)3, (int)1, (int)0, (int)3, (int)1> const&) const","[Unknown]","0x2d1c0","26278","26311"
" icv_y8_ippiCopy_32f_C4P4R","0","0.0120054","0","0","0","0","0","","","libopencv_xphoto.so.3.4","icv_y8_ippiCopy_32f_C4P4R","[Unknown]","0x72180","26278","26311"
" g2o::internal::atxpy<Eigen::Matrix<double, (int)6, (int)3, (int)0, (int)6, (int)3>>","0","0.0120019","0","0","0","0","0","","","libORB_SLAM2.so","void g2o::internal::atxpy<Eigen::Matrix<double, (int)6, (int)3, (int)0, (int)6, (int)3>>(Eigen::Matrix<double, (int)6, (int)3, (int)0, (int)6, (int)3> const&, Eigen::Map<Eigen::Matrix<double, (int)-1, (int)1, (int)0, (int)-1, (int)1> const, (int)0, Eigen::Stride<(int)0, (int)0>> const&, int, Eigen::Map<Eigen::Matrix<double, (int)-1, (int)1, (int)0, (int)-1, (int)1>, (int)0, Eigen::Stride<(int)0, (int)0>>&, int)","matrix_operations.h","0xe04e0","26278","26311"
" g2o::OptimizableGraph::Vertex::updateCache","0","0.0120009","0","0","0","0","0","","","libg2o.so","g2o::OptimizableGraph::Vertex::updateCache(void)","[Unknown]","0x50760","26278","26311"
" cv::Mat::reserve","0","0.0120006","0","0","0","0","0","","","libopencv_core.so.3.4","cv::Mat::reserve(unsigned long)","matrix.cpp","0x2eab90","26278","26311"
" cv::Mat::at<float>","0","0.0120005","0","0","0","0","0","","","libORB_SLAM2.so","float& cv::Mat::at<float>(int)","mat.inl.hpp","0x85490","26278","26311"
" cv::solveLP","0","0.0120004","0","0","0","0","0","","","libopencv_core.so.3.4","cv::solveLP(cv::Mat const&, cv::Mat const&, cv::Mat&)","lpsolver.cpp","0x26bad0","26278","26311"
" cv::StdMatAllocator::allocate","0","0.0120001","0","0","0","0","0","","","libopencv_core.so.3.4","cv::StdMatAllocator::allocate(int, int const*, int, void*, unsigned long*, int, cv::UMatUsageFlags) const","matrix.cpp","0x2e70a0","26278","26311"
" Eigen::internal::compute_inverse<Eigen::Matrix<double, (int)3, (int)3, (int)0, (int)3, (int)3>, Eigen::Matrix<double, (int)3, (int)3, (int)0, (int)3, (int)3>, (int)3>::run","0","0.0119985","0","0","0","0","0","","","libORB_SLAM2.so","Eigen::internal::compute_inverse<Eigen::Matrix<double, (int)3, (int)3, (int)0, (int)3, (int)3>, Eigen::Matrix<double, (int)3, (int)3, (int)0, (int)3, (int)3>, (int)3>::run(Eigen::Matrix<double, (int)3, (int)3, (int)0, (int)3, (int)3> const&, Eigen::Matrix<double, (int)3, (int)3, (int)0, (int)3, (int)3>&)","Inverse.h","0xdf980","26278","26311"
" Eigen::internal::permute_symm_to_fullsymm<(int)2, Eigen::SparseMatrix<double, (int)0, int>, (int)0>","0","0.011995","0","0","0","0","0","","","libORB_SLAM2.so","void Eigen::internal::permute_symm_to_fullsymm<(int)2, Eigen::SparseMatrix<double, (int)0, int>, (int)0>(Eigen::SparseMatrix<double, (int)0, int> const&, Eigen::SparseMatrix<Eigen::SparseMatrix<double, (int)0, int>::Scalar, (int)0, Eigen::SparseMatrix<double, (int)0, int>::Index>&, (int)0 const*)","SparseSelfAdjointView.h","0xe7a80","26278","26311"
" cv::_OutputArray::getGpuMatRef","0","0.0119944","0","0","0","0","0","","","libopencv_core.so.3.4","cv::_OutputArray::getGpuMatRef(void) const","matrix_wrap.cpp","0x17e900","26278","26311"
" OPENCL_FN_clGetMemObjectInfo_switch_fn","0","0.0119942","0","0","0","0","0","","","libopencv_core.so.3.4","OPENCL_FN_clGetMemObjectInfo_switch_fn(_cl_mem*, unsigned int, unsigned long, void*, unsigned long*)","opencl_core_impl.hpp","0x1c1ec0","26278","26311"
" ORB_SLAM2::ORBmatcher::CheckDistEpipolarLine","0","0.0119932","0","0","0","0","0","","","libORB_SLAM2.so","ORB_SLAM2::ORBmatcher::CheckDistEpipolarLine(cv::KeyPoint const&, cv::KeyPoint const&, cv::Mat const&, ORB_SLAM2::KeyFrame const*)","mat.inl.hpp","0xa30f0","26278","26311"
" cv::Mat::reshape","0","0.0119916","0","0","0","0","0","","","libopencv_core.so.3.4","cv::Mat::reshape(int, int, int const*) const","matrix.cpp","0x2ec2f0","26278","26311"
" cv::MatAllocator::download","0","0.0119915","0","0","0","0","0","","","libopencv_core.so.3.4","cv::MatAllocator::download(cv::UMatData*, void*, int, unsigned long const*, unsigned long const*, unsigned long const*, unsigned long const*) const","matrix.cpp","0x2e87a0","26278","26311"
" icv_l9_owniCopy_8u_C4MR_short","0","0.0119911","0","0","0","0","0","","","libopencv_core.so.3.4","icv_l9_owniCopy_8u_C4MR_short","[Unknown]","0x390c40","26278","26311"
" cv::ocl::OpenCLBinaryCacheConfigurator::OpenCLBinaryCacheConfigurator","0","0.0119904","0","0","0","0","0","","","libopencv_core.so.3.4","cv::ocl::OpenCLBinaryCacheConfigurator::OpenCLBinaryCacheConfigurator(void)","ocl.cpp","0x206f50","26278","26311"
" cv::mixChannels","0","0.0119896","0","0","0","0","0","","","libopencv_core.so.3.4","cv::mixChannels(cv::_InputArray const&, cv::_InputOutputArray const&, int const*, unsigned long)","channels.cpp","0x1c4fc0","26278","26311"
" Eigen::internal::assign_DefaultTraversal_CompleteUnrolling<Eigen::SelfCwiseBinaryOp<Eigen::internal::scalar_sum_op<double>, Eigen::Matrix<double, (int)6, (int)1, (int)0, (int)6, (int)1>, Eigen::CoeffBasedProduct<Eigen::Transpose<Eigen::Map<Eigen::Matrix<double, (int)2, (int)6, (int)0, (int)2, (int)6>, (int)1, Eigen::Stride<(int)0, (int)0>> const> const, Eigen::Matrix<double, (int)2, (int)1, (int)0, (int)2, (int)1> const&, (int)256>>, Eigen::CoeffBasedProduct<Eigen::Transpose<Eigen::Map<Eigen::Matrix<double, (int)2, (int)6, (int)0, (int)2, (int)6>, (int)1, Eigen::Stride<(int)0, (int)0>> const> const, Eigen::Matrix<double, (int)2, (int)1, (int)0, (int)2, (int)1> const&, (int)256>, (int)0, (int)6>::run","0","0.0119895","0","0","0","0","0","","","libg2o.so","Eigen::internal::assign_DefaultTraversal_CompleteUnrolling<Eigen::SelfCwiseBinaryOp<Eigen::internal::scalar_sum_op<double>, Eigen::Matrix<double, (int)6, (int)1, (int)0, (int)6, (int)1>, Eigen::CoeffBasedProduct<Eigen::Transpose<Eigen::Map<Eigen::Matrix<double, (int)2, (int)6, (int)0, (int)2, (int)6>, (int)1, Eigen::Stride<(int)0, (int)0>> const> const, Eigen::Matrix<double, (int)2, (int)1, (int)0, (int)2, (int)1> const&, (int)256>>, Eigen::CoeffBasedProduct<Eigen::Transpose<Eigen::Map<Eigen::Matrix<double, (int)2, (int)6, (int)0, (int)2, (int)6>, (int)1, Eigen::Stride<(int)0, (int)0>> const> const, Eigen::Matrix<double, (int)2, (int)1, (int)0, (int)2, (int)1> const&, (int)256>, (int)0, (int)6>::run(Eigen::SelfCwiseBinaryOp<Eigen::internal::scalar_sum_op<double>, Eigen::Matrix<double, (int)6, (int)1, (int)0, (int)6, (int)1>, Eigen::CoeffBasedProduct<Eigen::Transpose<Eigen::Map<Eigen::Matrix<double, (int)2, (int)6, (int)0, (int)2, (int)6>, (int)1, Eigen::Stride<(int)0, (int)0>> const> const, Eigen::Matrix<double, (int)2, (int)1, (int)0, (int)2, (int)1> const&, (int)256>>&, Eigen::CoeffBasedProduct<Eigen::Transpose<Eigen::Map<Eigen::Matrix<double, (int)2, (int)6, (int)0, (int)2, (int)6>, (int)1, Eigen::Stride<(int)0, (int)0>> const> const, Eigen::Matrix<double, (int)2, (int)1, (int)0, (int)2, (int)1> const&, (int)256> const&)","[Unknown]","0x34920","26278","26311"
" cv::vBinOp<short, cv::OpSub<short, short, short>, cv::VSub<short>>","0","0.0119788","0","0","0","0","0","","","libopencv_core.so.3.4","void cv::vBinOp<short, cv::OpSub<short, short, short>, cv::VSub<short>>(short const*, unsigned long, short const*, unsigned long, short*, unsigned long, int, int)","arithm_core.hpp","0x1b34b0","26278","26311"
" g2o::SE3Quat::map","0","0.011977","0","0","0","0","0","","","libg2o.so","g2o::SE3Quat::map(Eigen::Matrix<double, (int)3, (int)1, (int)0, (int)3, (int)1> const&) const","[Unknown]","0x2f9e0","26278","26311"
" g2o::SparseOptimizer::initializeOptimization","0","0.0119747","0","0","0","0","0","","","libg2o.so","g2o::SparseOptimizer::initializeOptimization(int)","[Unknown]","0x68070","26278","26311"
" std::vector<g2o::HyperGraph::Vertex*, std::allocator<g2o::HyperGraph::Vertex*>>::_M_fill_insert","0","0.0119731","0","0","0","0","0","","","libg2o.so","std::vector<g2o::HyperGraph::Vertex*, std::allocator<g2o::HyperGraph::Vertex*>>::_M_fill_insert(__gnu_cxx::__normal_iterator<g2o::HyperGraph::Vertex**, std::vector<g2o::HyperGraph::Vertex*, std::allocator<g2o::HyperGraph::Vertex*>>>, unsigned long, g2o::HyperGraph::Vertex* const&)","[Unknown]","0x2fe40","26278","26311"
" g2o::SparseOptimizer::sortVectorContainers","0","0.01","0","0","0","0","0","","","libg2o.so","g2o::SparseOptimizer::sortVectorContainers(void)","[Unknown]","0x697c0","26278","26311"
" g2o::HyperGraph::clear","0","0.01","0","0","0","0","0","","","libg2o.so","g2o::HyperGraph::clear(void)","[Unknown]","0x48ef0","26278","26311"
" func@0x4f0e0","0","0.01","0","0","0","0","0","","","libORB_SLAM2.so","func@0x4f0e0","[Unknown]","0x4f0e0","26278","26311"
" ORB_SLAM2::LocalMapping::Run","0.01","0","0","0","0","0","0","","","libORB_SLAM2.so","ORB_SLAM2::LocalMapping::Run(void)","LocalMapping.cc","0x7d130","26278","26311"
" g2o::OptimizableGraph::Edge::~Edge","0","0.01","0","0","0","0","0","","","libg2o.so","g2o::OptimizableGraph::Edge::~Edge(void)","[Unknown]","0x52260","26278","26311"
" g2o::SparseBlockMatrixDiagonal<Eigen::Matrix<double, (int)3, (int)3, (int)0, (int)3, (int)3>>::multiply","0","0.00804408","0","0","0","0","0","","","libORB_SLAM2.so","g2o::SparseBlockMatrixDiagonal<Eigen::Matrix<double, (int)3, (int)3, (int)0, (int)3, (int)3>>::multiply(double*&, double const*) const","sparse_block_matrix_diagonal.h","0xe0650","26278","26311"
" g2o::RobustKernelHuber::robustify","0","0.0080361","0","0","0","0","0","","","libg2o.so","g2o::RobustKernelHuber::robustify(double, Eigen::Matrix<double, (int)3, (int)1, (int)0, (int)3, (int)1>&) const","[Unknown]","0x767f0","26278","26311"
" icv_l9_owniCopyMirrorBorder_8u_C4IR_L","0","0.00803208","0","0","0","0","0","","","libopencv_core.so.3.4","icv_l9_owniCopyMirrorBorder_8u_C4IR_L","[Unknown]","0x3b3340","26278","26311"
" cv::Mat::~Mat","0","0.00802945","0","0","0","0","0","","","libopencv_rgbd.so.3.4","cv::Mat::~Mat(void)","mat.inl.hpp","0xec40","26278","26311"
" cv::cuda::setBufferPoolConfig","0","0.0080224","0","0","0","0","0","","","libopencv_core.so.3.4","cv::cuda::setBufferPoolConfig(int, unsigned long, int)","cuda_stream.cpp","0x2e1380","26278","26311"
" cvGetFileNode","0","0.00802204","0","0","0","0","0","","","libopencv_core.so.3.4","cvGetFileNode","persistence_c.cpp","0x1b9110","26278","26311"
" g2o::HyperGraph::vertex","0","0.00801898","0","0","0","0","0","","","libg2o.so","g2o::HyperGraph::vertex(int)","[Unknown]","0x48c40","26278","26311"
" g2o::BaseVertex<(int)3, Eigen::Matrix<double, (int)3, (int)1, (int)0, (int)3, (int)1>>::setEstimate","0","0.00801321","0","0","0","0","0","","","libORB_SLAM2.so","g2o::BaseVertex<(int)3, Eigen::Matrix<double, (int)3, (int)1, (int)0, (int)3, (int)1>>::setEstimate(Eigen::Matrix<double, (int)3, (int)1, (int)0, (int)3, (int)1> const&)","DenseCoeffsBase.h","0xd3e20","26278","26311"
" std::vector<int, std::allocator<int>>::vector<float*, void>","0","0.00800778","0","0","0","0","0","","","libORB_SLAM2.so","std::vector<int, std::allocator<int>>::vector<float*, void>(float*, float*, std::allocator<int> const&)","stl_vector.h","0xb5d90","26278","26311"
" Eigen::internal::assign_DefaultTraversal_CompleteUnrolling<Eigen::Matrix<double, (int)6, (int)2, (int)0, (int)6, (int)2>, Eigen::CoeffBasedProduct<Eigen::Transpose<Eigen::Map<Eigen::Matrix<double, (int)2, (int)6, (int)0, (int)2, (int)6>, (int)1, Eigen::Stride<(int)0, (int)0>> const> const, Eigen::Matrix<double, (int)2, (int)2, (int)0, (int)2, (int)2> const&, (int)6>, (int)0, (int)12>::run","0","0.0080056","0","0","0","0","0","","","libg2o.so","Eigen::internal::assign_DefaultTraversal_CompleteUnrolling<Eigen::Matrix<double, (int)6, (int)2, (int)0, (int)6, (int)2>, Eigen::CoeffBasedProduct<Eigen::Transpose<Eigen::Map<Eigen::Matrix<double, (int)2, (int)6, (int)0, (int)2, (int)6>, (int)1, Eigen::Stride<(int)0, (int)0>> const> const, Eigen::Matrix<double, (int)2, (int)2, (int)0, (int)2, (int)2> const&, (int)6>, (int)0, (int)12>::run(Eigen::Matrix<double, (int)6, (int)2, (int)0, (int)6, (int)2>&, Eigen::CoeffBasedProduct<Eigen::Transpose<Eigen::Map<Eigen::Matrix<double, (int)2, (int)6, (int)0, (int)2, (int)6>, (int)1, Eigen::Stride<(int)0, (int)0>> const> const, Eigen::Matrix<double, (int)2, (int)2, (int)0, (int)2, (int)2> const&, (int)6> const&)","[Unknown]","0x34080","26278","26311"
" g2o::SparseOptimizer::computeActiveErrors","0","0.00800504","0","0","0","0","0","","","libg2o.so","g2o::SparseOptimizer::computeActiveErrors(void)","[Unknown]","0x676e0","26278","26311"
" icv_y8_ippiCopyWrapBorder_32s_C1IR_L","0","0.00800359","0","0","0","0","0","","","libopencv_core.so.3.4","icv_y8_ippiCopyWrapBorder_32s_C1IR_L","[Unknown]","0x311040","26278","26311"
" [Unknown stack frame(s)]","0","0.00800324","0","0","0","0","0","","","[Unknown]","[Unknown stack frame(s)]","[Unknown]","0","26278","26311"
" ORB_SLAM2::LocalMapping::SearchInNeighbors","0","0.00800254","0","0","0","0","0","","","libORB_SLAM2.so","ORB_SLAM2::LocalMapping::SearchInNeighbors(void)","LocalMapping.cc","0x83600","26278","26311"
" std::_Rb_tree<g2o::HyperGraph::Edge*, g2o::HyperGraph::Edge*, std::_Identity<g2o::HyperGraph::Edge*>, std::less<g2o::HyperGraph::Edge*>, std::allocator<g2o::HyperGraph::Edge*>>::_M_insert_unique","0","0.00800234","0","0","0","0","0","","","libg2o.so","std::_Rb_tree<g2o::HyperGraph::Edge*, g2o::HyperGraph::Edge*, std::_Identity<g2o::HyperGraph::Edge*>, std::less<g2o::HyperGraph::Edge*>, std::allocator<g2o::HyperGraph::Edge*>>::_M_insert_unique(g2o::HyperGraph::Edge* const&)","[Unknown]","0x499a0","26278","26311"
" ORB_SLAM2::KeyFrame::SetPose","0","0.00800166","0","0","0","0","0","","","libORB_SLAM2.so","ORB_SLAM2::KeyFrame::SetPose(cv::Mat const&)","KeyFrame.cc","0xb75d0","26278","26311"
" cv::ocl_minMaxIdx","0","0.00800106","0","0","0","0","0","","","libopencv_core.so.3.4","cv::ocl_minMaxIdx(cv::_InputArray const&, double*, double*, int*, int*, cv::_InputArray const&, int, bool, cv::_InputArray const&, double*)","minmax.cpp","0x29cb20","26278","26311"
" cvAttrValue","0","0.008001","0","0","0","0","0","","","libopencv_core.so.3.4","cvAttrValue","persistence_c.cpp","0x1b8ea0","26278","26311"
" randShuffle_<cv::Vec<int, 6> >","0","0.00799893","0","0","0","0","0","","","libopencv_core.so.3.4","randShuffle_<cv::Vec<int, 6> >","rand.cpp","0x273d60","26278","26311"
" Eigen::NoAlias<Eigen::Map<Eigen::Matrix<double, (int)6, (int)6, (int)0, (int)6, (int)6>, (int)1, Eigen::Stride<(int)0, (int)0>>, Eigen::MatrixBase>::operator+=<Eigen::Matrix<double, (int)6, (int)2, (int)0, (int)6, (int)2> const&, Eigen::Map<Eigen::Matrix<double, (int)2, (int)6, (int)0, (int)2, (int)6>, (int)1, Eigen::Stride<(int)0, (int)0>> const, (int)6>","0","0.00799852","0","0","0","0","0","","","libg2o.so","Eigen::Map<Eigen::Matrix<double, (int)6, (int)6, (int)0, (int)6, (int)6>, (int)1, Eigen::Stride<(int)0, (int)0>>& Eigen::NoAlias<Eigen::Map<Eigen::Matrix<double, (int)6, (int)6, (int)0, (int)6, (int)6>, (int)1, Eigen::Stride<(int)0, (int)0>>, Eigen::MatrixBase>::operator+=<Eigen::Matrix<double, (int)6, (int)2, (int)0, (int)6, (int)2> const&, Eigen::Map<Eigen::Matrix<double, (int)2, (int)6, (int)0, (int)2, (int)6>, (int)1, Eigen::Stride<(int)0, (int)0>> const, (int)6>(Eigen::CoeffBasedProduct<Eigen::Matrix<double, (int)6, (int)2, (int)0, (int)6, (int)2> const&, Eigen::Map<Eigen::Matrix<double, (int)2, (int)6, (int)0, (int)2, (int)6>, (int)1, Eigen::Stride<(int)0, (int)0>> const, (int)6> const&)","[Unknown]","0x315a0","26278","26311"
" g2o::BaseEdge<(int)2, Eigen::Matrix<double, (int)2, (int)1, (int)0, (int)2, (int)1>>::chi2","0","0.00799796","0","0","0","0","0","","","libORB_SLAM2.so","g2o::BaseEdge<(int)2, Eigen::Matrix<double, (int)2, (int)1, (int)0, (int)2, (int)1>>::chi2(void) const","base_edge.h","0xd64a0","26278","26311"
" cv::_InputArray::getMatVector","0","0.00799757","0","0","0","0","0","","","libopencv_core.so.3.4","cv::_InputArray::getMatVector(std::vector<cv::Mat, std::allocator<cv::Mat>>&) const","matrix_wrap.cpp","0x1813e0","26278","26311"
" cv::cuda::Stream::Null","0","0.00799733","0","0","0","0","0","","","libopencv_core.so.3.4","cv::cuda::Stream::Null(void)","cuda_stream.cpp","0x2e1140","26278","26311"
" ORB_SLAM2::KeyFrame::GetMapPoint","0","0.00799432","0","0","0","0","0","","","libORB_SLAM2.so","ORB_SLAM2::KeyFrame::GetMapPoint(unsigned long const&)","KeyFrame.cc","0xbbde0","26278","26311"
" g2o::SparseBlockMatrix<Eigen::Matrix<double, (int)6, (int)3, (int)0, (int)6, (int)3>>::block","0","0.00799339","0","0","0","0","0","","","libORB_SLAM2.so","g2o::SparseBlockMatrix<Eigen::Matrix<double, (int)6, (int)3, (int)0, (int)6, (int)3>>::block(int, int, bool)","sparse_block_matrix.hpp","0xd9fa0","26278","26311"
" std::_Rb_tree_insert_and_rebalance","0","0.00799294","0","0","0","0","0","","","libstdc++.so.6","std::_Rb_tree_insert_and_rebalance(bool, std::_Rb_tree_node_base*, std::_Rb_tree_node_base*, std::_Rb_tree_node_base&)","[Unknown]","0xa7a00","26278","26311"
" cv::ocl_arithm_op","0","0.00798981","0","0","0","0","0","","","libopencv_core.so.3.4","cv::ocl_arithm_op(cv::_InputArray const&, cv::_InputArray const&, cv::_OutputArray const&, cv::_InputArray const&, int, void*, int, bool)","arithm.cpp","0x19fe90","26278","26311"
" g2o::EdgeSE3ProjectXYZ::isDepthPositive","0","0.00798972","0","0","0","0","0","","","libORB_SLAM2.so","g2o::EdgeSE3ProjectXYZ::isDepthPositive(void)","stl_vector.h","0xd3b30","26278","26311"
" cv::rgbd::RgbdFrame::~RgbdFrame","0","0.00798867","0","0","0","0","0","","","libopencv_rgbd.so.3.4","cv::rgbd::RgbdFrame::~RgbdFrame(void)","odometry.cpp","0xed40","26278","26311"
" Eigen::internal::permute_symm_to_symm<(int)2, (int)2, Eigen::SparseMatrix<double, (int)0, int>, (int)0>","0","0.0079852","0","0","0","0","0","","","libORB_SLAM2.so","void Eigen::internal::permute_symm_to_symm<(int)2, (int)2, Eigen::SparseMatrix<double, (int)0, int>, (int)0>(Eigen::SparseMatrix<double, (int)0, int> const&, Eigen::SparseMatrix<Eigen::SparseMatrix<double, (int)0, int>::Scalar, (int)0, Eigen::SparseMatrix<double, (int)0, int>::Index>&, (int)0 const*)","SparseSelfAdjointView.h","0xec8a0","26278","26311"
" Eigen::SelfCwiseBinaryOp<Eigen::internal::scalar_sum_op<double>, Eigen::Map<Eigen::Matrix<double, (int)6, (int)3, (int)0, (int)6, (int)3>, (int)1, Eigen::Stride<(int)0, (int)0>>, Eigen::CoeffBasedProduct<Eigen::Transpose<Eigen::Map<Eigen::Matrix<double, (int)2, (int)6, (int)0, (int)2, (int)6>, (int)1, Eigen::Stride<(int)0, (int)0>> const> const, Eigen::Transpose<Eigen::Matrix<double, (int)3, (int)2, (int)0, (int)3, (int)2>> const, (int)256>>::copyCoeff<Eigen::CoeffBasedProduct<Eigen::Transpose<Eigen::Map<Eigen::Matrix<double, (int)2, (int)6, (int)0, (int)2, (int)6>, (int)1, Eigen::Stride<(int)0, (int)0>> const> const, Eigen::Transpose<Eigen::Matrix<double, (int)3, (int)2, (int)0, (int)3, (int)2>> const, (int)256>>.isra.921","0","0.00797924","0","0","0","0","0","","","libg2o.so","void Eigen::SelfCwiseBinaryOp<Eigen::internal::scalar_sum_op<double>, Eigen::Map<Eigen::Matrix<double, (int)6, (int)3, (int)0, (int)6, (int)3>, (int)1, Eigen::Stride<(int)0, (int)0>>, Eigen::CoeffBasedProduct<Eigen::Transpose<Eigen::Map<Eigen::Matrix<double, (int)2, (int)6, (int)0, (int)2, (int)6>, (int)1, Eigen::Stride<(int)0, (int)0>> const> const, Eigen::Transpose<Eigen::Matrix<double, (int)3, (int)2, (int)0, (int)3, (int)2>> const, (int)256>>::copyCoeff<Eigen::CoeffBasedProduct<Eigen::Transpose<Eigen::Map<Eigen::Matrix<double, (int)2, (int)6, (int)0, (int)2, (int)6>, (int)1, Eigen::Stride<(int)0, (int)0>> const> const, Eigen::Transpose<Eigen::Matrix<double, (int)3, (int)2, (int)0, (int)3, (int)2>> const, (int)256>>(long, long, Eigen::DenseBase<Eigen::CoeffBasedProduct<Eigen::Transpose<Eigen::Map<Eigen::Matrix<double, (int)2, (int)6, (int)0, (int)2, (int)6>, (int)1, Eigen::Stride<(int)0, (int)0>> const> const, Eigen::Transpose<Eigen::Matrix<double, (int)3, (int)2, (int)0, (int)3, (int)2>> const, (int)256>> const&).isra.921","[Unknown]","0x2ede0","26278","26311"
" g2o::BaseBinaryEdge<(int)2, Eigen::Matrix<double, (int)2, (int)1, (int)0, (int)2, (int)1>, g2o::VertexSBAPointXYZ, g2o::VertexSE3Expmap>::allVerticesFixed","0","0.0079771","0","0","0","0","0","","","libg2o.so","g2o::BaseBinaryEdge<(int)2, Eigen::Matrix<double, (int)2, (int)1, (int)0, (int)2, (int)1>, g2o::VertexSBAPointXYZ, g2o::VertexSE3Expmap>::allVerticesFixed(void) const","[Unknown]","0x2e770","26278","26311"
" icv_l9_owniScaleC_8u64f_C1R_fst","0","0.00797598","0","0","0","0","0","","","libopencv_core.so.3.4","icv_l9_owniScaleC_8u64f_C1R_fst","[Unknown]","0x3939c0","26278","26311"
" ORB_SLAM2::LocalMapping::KeyFrameCulling","0","0.00797579","0","0","0","0","0","","","libORB_SLAM2.so","ORB_SLAM2::LocalMapping::KeyFrameCulling(void)","LocalMapping.cc","0x83f30","26278","26311"
" cv::ocl_mixChannels","0","0.00797277","0","0","0","0","0","","","libopencv_core.so.3.4","cv::ocl_mixChannels(cv::_InputArray const&, cv::_InputOutputArray const&, int const*, unsigned long)","channels.cpp","0x1c33d0","26278","26311"
" g2o::project2d","0","0.00796653","0","0","0","0","0","","","libg2o.so","g2o::project2d(Eigen::Matrix<double, (int)3, (int)1, (int)0, (int)3, (int)1> const&)","[Unknown]","0x2d170","26278","26311"
" g2o::OptimizationAlgorithmLevenberg::computeScale","0","0.00796458","0","0","0","0","0","","","libg2o.so","g2o::OptimizationAlgorithmLevenberg::computeScale(void) const","[Unknown]","0x71bc0","26278","26311"
" LMIDDLE_LOOP_Mgas_8","0","0.00747742","0","0","0","0","0","","","libopencv_xphoto.so.3.4","LMIDDLE_LOOP_Mgas_8","[Unknown]","0x18af8a","26278","26311"
"OpenCVThread-001 (TID: 26314)","0.01","0.358006","0","0","0","0.391994","0","","","[Unknown]","[Unknown]","[Unknown]","0","26278","26314"
"OpenCVThread-003 (TID: 26316)","0","0.288014","0","0","0","0.441986","0","","","[Unknown]","[Unknown]","[Unknown]","0","26278","26316"
"OpenCVThread-002 (TID: 26317)","0","0.27","0","0","0","0.44","0","","","[Unknown]","[Unknown]","[Unknown]","0","26278","26317"
"OpenCVThread-004 (TID: 26318)","0","0.23","0","0","0","0.42","0","","","[Unknown]","[Unknown]","[Unknown]","0","26278","26318"
"OpenCVThread-006 (TID: 26319)","0","0.22","0","0","0","0.45","0","","","[Unknown]","[Unknown]","[Unknown]","0","26278","26319"
"OpenCVThread-005 (TID: 26320)","0","0.14","0","0","0","0.44","0","","","[Unknown]","[Unknown]","[Unknown]","0","26278","26320"
"func@0xbc4f0 (TID: 26312)","0.07","0.06","0","0","0","0","0","","","[Unknown]","[Unknown]","[Unknown]","0","26278","26312"
"OpenCVThread-007 (TID: 26321)","0","0.13","0","0","0","0.43","0","","","[Unknown]","[Unknown]","[Unknown]","0","26278","26321"
"OpenCVThread-008 (TID: 26323)","0","0.01","0","0","0","0","0","0.00835215","1009","[Unknown]","[Unknown]","[Unknown]","0","26278","26323"
"OpenCVThread-009 (TID: 26324)","0","0.01","0","0","0","0","0","0.00538324","1614","[Unknown]","[Unknown]","[Unknown]","0","26278","26324"
